id_respondent,Tipo_di_Pesce,Panatura,Spezie,Tempo_di_Preparazione,Formato_Confezione,rating
1,Gambero,Nessuna,Nessuna,MenoDi8,Famiglia,40.0
1,Calamaro,Panko,SalviaRosmarino,MenoDi8,Mono,80.0
1,Salmone,Panko,PrezzemoloBasilico,PiùDi15,Doppia,90.0
1,Salmone,Nessuna,PrezzemoloBasilico,MenoDi8,Mono,30.0
1,Salmone,Gratinato,SalviaRosmarino,MenoDi8,Famiglia,20.0
1,Salmone,Panko,SalviaRosmarino,8-15,Famiglia,70.0
1,Calamaro,Gratinato,Nessuna,MenoDi8,Doppia,30.0
1,Gambero,Nessuna,SalviaRosmarino,8-15,Doppia,50.0
1,Gambero,Gratinato,PrezzemoloBasilico,8-15,Mono,80.0
1,Salmone,Nessuna,Nessuna,PiùDi15,Mono,20.0
1,Gambero,Panko,Nessuna,PiùDi15,Famiglia,60.0
1,Gambero,Panko,PrezzemoloBasilico,MenoDi8,Doppia,90.0
1,Salmone,Gratinato,Nessuna,8-15,Doppia,80.0
1,Calamaro,Nessuna,SalviaRosmarino,PiùDi15,Doppia,30.0
1,Gambero,Gratinato,SalviaRosmarino,PiùDi15,Mono,70.0
1,Calamaro,Nessuna,PrezzemoloBasilico,8-15,Famiglia,40.0
1,Calamaro,Gratinato,PrezzemoloBasilico,PiùDi15,Famiglia,40.0
1,Calamaro,Panko,Nessuna,8-15,Mono,20.0
3,Calamaro,Panko,Nessuna,8-15,Mono,90.0
3,Salmone,Gratinato,Nessuna,8-15,Doppia,80.0
3,Gambero,Nessuna,SalviaRosmarino,8-15,Doppia,80.0
3,Gambero,Gratinato,SalviaRosmarino,PiùDi15,Mono,80.0
3,Gambero,Gratinato,PrezzemoloBasilico,8-15,Mono,80.0
3,Salmone,Panko,SalviaRosmarino,8-15,Famiglia,70.0
3,Salmone,Nessuna,PrezzemoloBasilico,MenoDi8,Mono,60.0
3,Calamaro,Gratinato,Nessuna,MenoDi8,Doppia,100.0
3,Gambero,Panko,Nessuna,PiùDi15,Famiglia,80.0
3,Salmone,Nessuna,Nessuna,PiùDi15,Mono,70.0
3,Gambero,Panko,PrezzemoloBasilico,MenoDi8,Doppia,80.0
3,Calamaro,Nessuna,SalviaRosmarino,PiùDi15,Doppia,60.0
3,Calamaro,Nessuna,PrezzemoloBasilico,8-15,Famiglia,80.0
3,Calamaro,Gratinato,PrezzemoloBasilico,PiùDi15,Famiglia,90.0
3,Calamaro,Panko,SalviaRosmarino,MenoDi8,Mono,100.0
3,Salmone,Gratinato,SalviaRosmarino,MenoDi8,Famiglia,70.0
3,Salmone,Panko,PrezzemoloBasilico,PiùDi15,Doppia,70.0
3,Gambero,Nessuna,Nessuna,MenoDi8,Famiglia,80.0
4,Salmone,Gratinato,Nessuna,8-15,Doppia,80.0
4,Gambero,Panko,Nessuna,PiùDi15,Famiglia,20.0
4,Salmone,Nessuna,Nessuna,PiùDi15,Mono,70.0
4,Gambero,Gratinato,PrezzemoloBasilico,8-15,Mono,100.0
4,Calamaro,Gratinato,Nessuna,MenoDi8,Doppia,30.0
4,Salmone,Panko,SalviaRosmarino,8-15,Famiglia,0.0
4,Gambero,Panko,PrezzemoloBasilico,MenoDi8,Doppia,100.0
4,Salmone,Nessuna,PrezzemoloBasilico,MenoDi8,Mono,100.0
4,Calamaro,Nessuna,SalviaRosmarino,PiùDi15,Doppia,60.0
4,Gambero,Gratinato,SalviaRosmarino,PiùDi15,Mono,100.0
4,Calamaro,Panko,SalviaRosmarino,MenoDi8,Mono,40.0
4,Calamaro,Panko,Nessuna,8-15,Mono,20.0
4,Salmone,Panko,PrezzemoloBasilico,PiùDi15,Doppia,80.0
4,Gambero,Nessuna,SalviaRosmarino,8-15,Doppia,90.0
4,Salmone,Gratinato,SalviaRosmarino,MenoDi8,Famiglia,10.0
4,Gambero,Nessuna,Nessuna,MenoDi8,Famiglia,50.0
4,Calamaro,Nessuna,PrezzemoloBasilico,8-15,Famiglia,0.0
4,Calamaro,Gratinato,PrezzemoloBasilico,PiùDi15,Famiglia,0.0
5,Gambero,Panko,Nessuna,PiùDi15,Famiglia,100.0
5,Salmone,Gratinato,Nessuna,8-15,Doppia,70.0
5,Calamaro,Gratinato,Nessuna,MenoDi8,Doppia,70.0
5,Salmone,Gratinato,SalviaRosmarino,MenoDi8,Famiglia,90.0
5,Gambero,Gratinato,PrezzemoloBasilico,8-15,Mono,50.0
5,Calamaro,Panko,Nessuna,8-15,Mono,60.0
5,Salmone,Nessuna,Nessuna,PiùDi15,Mono,50.0
5,Salmone,Panko,SalviaRosmarino,8-15,Famiglia,90.0
5,Gambero,Panko,PrezzemoloBasilico,MenoDi8,Doppia,80.0
5,Salmone,Nessuna,PrezzemoloBasilico,MenoDi8,Mono,60.0
5,Calamaro,Gratinato,PrezzemoloBasilico,PiùDi15,Famiglia,90.0
5,Calamaro,Nessuna,PrezzemoloBasilico,8-15,Famiglia,80.0
5,Salmone,Panko,PrezzemoloBasilico,PiùDi15,Doppia,70.0
5,Calamaro,Nessuna,SalviaRosmarino,PiùDi15,Doppia,70.0
5,Gambero,Gratinato,SalviaRosmarino,PiùDi15,Mono,50.0
5,Calamaro,Panko,SalviaRosmarino,MenoDi8,Mono,60.0
5,Gambero,Nessuna,Nessuna,MenoDi8,Famiglia,100.0
5,Gambero,Nessuna,SalviaRosmarino,8-15,Doppia,80.0
6,Gambero,Nessuna,SalviaRosmarino,8-15,Doppia,70.0
6,Gambero,Panko,Nessuna,PiùDi15,Famiglia,80.0
6,Calamaro,Nessuna,PrezzemoloBasilico,8-15,Famiglia,80.0
6,Salmone,Gratinato,SalviaRosmarino,MenoDi8,Famiglia,70.0
6,Salmone,Gratinato,Nessuna,8-15,Doppia,50.0
6,Gambero,Nessuna,Nessuna,MenoDi8,Famiglia,60.0
6,Calamaro,Gratinato,Nessuna,MenoDi8,Doppia,80.0
6,Calamaro,Panko,SalviaRosmarino,MenoDi8,Mono,80.0
6,Gambero,Gratinato,PrezzemoloBasilico,8-15,Mono,70.0
6,Gambero,Gratinato,SalviaRosmarino,PiùDi15,Mono,60.0
6,Salmone,Nessuna,Nessuna,PiùDi15,Mono,50.0
6,Salmone,Panko,SalviaRosmarino,8-15,Famiglia,60.0
6,Salmone,Panko,PrezzemoloBasilico,PiùDi15,Doppia,60.0
6,Salmone,Nessuna,PrezzemoloBasilico,MenoDi8,Mono,60.0
6,Gambero,Panko,PrezzemoloBasilico,MenoDi8,Doppia,60.0
6,Calamaro,Gratinato,PrezzemoloBasilico,PiùDi15,Famiglia,80.0
6,Calamaro,Nessuna,SalviaRosmarino,PiùDi15,Doppia,80.0
6,Calamaro,Panko,Nessuna,8-15,Mono,60.0
7,Salmone,Panko,PrezzemoloBasilico,PiùDi15,Doppia,100.0
7,Calamaro,Panko,SalviaRosmarino,MenoDi8,Mono,100.0
7,Salmone,Panko,SalviaRosmarino,8-15,Famiglia,100.0
7,Calamaro,Gratinato,Nessuna,MenoDi8,Doppia,100.0
7,Gambero,Nessuna,SalviaRosmarino,8-15,Doppia,100.0
7,Salmone,Nessuna,PrezzemoloBasilico,MenoDi8,Mono,100.0
7,Salmone,Gratinato,SalviaRosmarino,MenoDi8,Famiglia,100.0
7,Gambero,Gratinato,PrezzemoloBasilico,8-15,Mono,100.0
7,Calamaro,Nessuna,SalviaRosmarino,PiùDi15,Doppia,100.0
7,Gambero,Gratinato,SalviaRosmarino,PiùDi15,Mono,100.0
7,Salmone,Nessuna,Nessuna,PiùDi15,Mono,100.0
7,Gambero,Nessuna,Nessuna,MenoDi8,Famiglia,100.0
7,Calamaro,Panko,Nessuna,8-15,Mono,100.0
7,Gambero,Panko,PrezzemoloBasilico,MenoDi8,Doppia,100.0
7,Calamaro,Nessuna,PrezzemoloBasilico,8-15,Famiglia,100.0
7,Calamaro,Gratinato,PrezzemoloBasilico,PiùDi15,Famiglia,100.0
7,Gambero,Panko,Nessuna,PiùDi15,Famiglia,100.0
7,Salmone,Gratinato,Nessuna,8-15,Doppia,100.0
8,Calamaro,Panko,SalviaRosmarino,MenoDi8,Mono,80.0
8,Calamaro,Nessuna,PrezzemoloBasilico,8-15,Famiglia,0.0
8,Calamaro,Nessuna,SalviaRosmarino,PiùDi15,Doppia,60.0
8,Gambero,Gratinato,SalviaRosmarino,PiùDi15,Mono,80.0
8,Salmone,Panko,PrezzemoloBasilico,PiùDi15,Doppia,60.0
8,Gambero,Nessuna,Nessuna,MenoDi8,Famiglia,60.0
8,Calamaro,Gratinato,PrezzemoloBasilico,PiùDi15,Famiglia,60.0
8,Gambero,Panko,PrezzemoloBasilico,MenoDi8,Doppia,60.0
8,Calamaro,Panko,Nessuna,8-15,Mono,80.0
8,Salmone,Nessuna,PrezzemoloBasilico,MenoDi8,Mono,0.0
8,Gambero,Panko,Nessuna,PiùDi15,Famiglia,70.0
8,Salmone,Gratinato,Nessuna,8-15,Doppia,90.0
8,Gambero,Nessuna,SalviaRosmarino,8-15,Doppia,60.0
8,Calamaro,Gratinato,Nessuna,MenoDi8,Doppia,90.0
8,Gambero,Gratinato,PrezzemoloBasilico,8-15,Mono,60.0
8,Salmone,Nessuna,Nessuna,PiùDi15,Mono,0.0
8,Salmone,Gratinato,SalviaRosmarino,MenoDi8,Famiglia,90.0
8,Salmone,Panko,SalviaRosmarino,8-15,Famiglia,90.0
9,Salmone,Nessuna,Nessuna,PiùDi15,Mono,80.0
9,Salmone,Panko,PrezzemoloBasilico,PiùDi15,Doppia,40.0
9,Calamaro,Gratinato,Nessuna,MenoDi8,Doppia,60.0
9,Salmone,Panko,SalviaRosmarino,8-15,Famiglia,20.0
9,Calamaro,Nessuna,PrezzemoloBasilico,8-15,Famiglia,20.0
9,Gambero,Panko,PrezzemoloBasilico,MenoDi8,Doppia,20.0
9,Calamaro,Panko,SalviaRosmarino,MenoDi8,Mono,40.0
9,Salmone,Nessuna,PrezzemoloBasilico,MenoDi8,Mono,80.0
9,Calamaro,Nessuna,SalviaRosmarino,PiùDi15,Doppia,70.0
9,Gambero,Nessuna,Nessuna,MenoDi8,Famiglia,40.0
9,Gambero,Panko,Nessuna,PiùDi15,Famiglia,20.0
9,Calamaro,Gratinato,PrezzemoloBasilico,PiùDi15,Famiglia,20.0
9,Gambero,Nessuna,SalviaRosmarino,8-15,Doppia,40.0
9,Gambero,Gratinato,PrezzemoloBasilico,8-15,Mono,20.0
9,Salmone,Gratinato,SalviaRosmarino,MenoDi8,Famiglia,20.0
9,Gambero,Gratinato,SalviaRosmarino,PiùDi15,Mono,20.0
9,Calamaro,Panko,Nessuna,8-15,Mono,20.0
9,Salmone,Gratinato,Nessuna,8-15,Doppia,80.0
11,Calamaro,Panko,Nessuna,8-15,Mono,0.0
11,Salmone,Panko,PrezzemoloBasilico,PiùDi15,Doppia,0.0
11,Salmone,Nessuna,Nessuna,PiùDi15,Mono,0.0
11,Calamaro,Nessuna,SalviaRosmarino,PiùDi15,Doppia,0.0
11,Calamaro,Gratinato,PrezzemoloBasilico,PiùDi15,Famiglia,0.0
11,Gambero,Gratinato,PrezzemoloBasilico,8-15,Mono,10.0
11,Gambero,Panko,PrezzemoloBasilico,MenoDi8,Doppia,10.0
11,Salmone,Nessuna,PrezzemoloBasilico,MenoDi8,Mono,0.0
11,Calamaro,Panko,SalviaRosmarino,MenoDi8,Mono,0.0
11,Salmone,Gratinato,Nessuna,8-15,Doppia,0.0
11,Salmone,Gratinato,SalviaRosmarino,MenoDi8,Famiglia,0.0
11,Gambero,Nessuna,SalviaRosmarino,8-15,Doppia,0.0
11,Calamaro,Gratinato,Nessuna,MenoDi8,Doppia,0.0
11,Salmone,Panko,SalviaRosmarino,8-15,Famiglia,0.0
11,Calamaro,Nessuna,PrezzemoloBasilico,8-15,Famiglia,0.0
11,Gambero,Nessuna,Nessuna,MenoDi8,Famiglia,0.0
11,Gambero,Panko,Nessuna,PiùDi15,Famiglia,10.0
11,Gambero,Gratinato,SalviaRosmarino,PiùDi15,Mono,10.0
12,Gambero,Panko,Nessuna,PiùDi15,Famiglia,90.0
12,Gambero,Nessuna,Nessuna,MenoDi8,Famiglia,20.0
12,Calamaro,Gratinato,Nessuna,MenoDi8,Doppia,50.0
12,Salmone,Panko,SalviaRosmarino,8-15,Famiglia,80.0
12,Gambero,Gratinato,PrezzemoloBasilico,8-15,Mono,70.0
12,Salmone,Gratinato,Nessuna,8-15,Doppia,60.0
12,Salmone,Nessuna,PrezzemoloBasilico,MenoDi8,Mono,80.0
12,Gambero,Nessuna,SalviaRosmarino,8-15,Doppia,60.0
12,Gambero,Panko,PrezzemoloBasilico,MenoDi8,Doppia,100.0
12,Salmone,Panko,PrezzemoloBasilico,PiùDi15,Doppia,80.0
12,Salmone,Nessuna,Nessuna,PiùDi15,Mono,0.0
12,Calamaro,Panko,SalviaRosmarino,MenoDi8,Mono,20.0
12,Calamaro,Nessuna,PrezzemoloBasilico,8-15,Famiglia,70.0
12,Calamaro,Nessuna,SalviaRosmarino,PiùDi15,Doppia,20.0
12,Calamaro,Gratinato,PrezzemoloBasilico,PiùDi15,Famiglia,10.0
12,Salmone,Gratinato,SalviaRosmarino,MenoDi8,Famiglia,80.0
12,Gambero,Gratinato,SalviaRosmarino,PiùDi15,Mono,10.0
12,Calamaro,Panko,Nessuna,8-15,Mono,50.0
13,Calamaro,Panko,SalviaRosmarino,MenoDi8,Mono,30.0
13,Salmone,Nessuna,PrezzemoloBasilico,MenoDi8,Mono,10.0
13,Gambero,Gratinato,SalviaRosmarino,PiùDi15,Mono,30.0
13,Gambero,Panko,Nessuna,PiùDi15,Famiglia,70.0
13,Gambero,Panko,PrezzemoloBasilico,MenoDi8,Doppia,70.0
13,Calamaro,Nessuna,PrezzemoloBasilico,8-15,Famiglia,60.0
13,Gambero,Nessuna,Nessuna,MenoDi8,Famiglia,90.0
13,Salmone,Gratinato,Nessuna,8-15,Doppia,10.0
13,Calamaro,Nessuna,SalviaRosmarino,PiùDi15,Doppia,60.0
13,Salmone,Panko,SalviaRosmarino,8-15,Famiglia,10.0
13,Gambero,Gratinato,PrezzemoloBasilico,8-15,Mono,30.0
13,Calamaro,Gratinato,PrezzemoloBasilico,PiùDi15,Famiglia,70.0
13,Calamaro,Panko,Nessuna,8-15,Mono,20.0
13,Gambero,Nessuna,SalviaRosmarino,8-15,Doppia,80.0
13,Salmone,Nessuna,Nessuna,PiùDi15,Mono,10.0
13,Salmone,Panko,PrezzemoloBasilico,PiùDi15,Doppia,10.0
13,Salmone,Gratinato,SalviaRosmarino,MenoDi8,Famiglia,10.0
13,Calamaro,Gratinato,Nessuna,MenoDi8,Doppia,20.0
14,Salmone,Panko,SalviaRosmarino,8-15,Famiglia,50.0
14,Calamaro,Panko,Nessuna,8-15,Mono,0.0
14,Calamaro,Gratinato,PrezzemoloBasilico,PiùDi15,Famiglia,10.0
14,Calamaro,Gratinato,Nessuna,MenoDi8,Doppia,20.0
14,Gambero,Panko,Nessuna,PiùDi15,Famiglia,40.0
14,Gambero,Gratinato,SalviaRosmarino,PiùDi15,Mono,30.0
14,Salmone,Gratinato,Nessuna,8-15,Doppia,50.0
14,Gambero,Nessuna,SalviaRosmarino,8-15,Doppia,20.0
14,Salmone,Nessuna,PrezzemoloBasilico,MenoDi8,Mono,30.0
14,Salmone,Panko,PrezzemoloBasilico,PiùDi15,Doppia,30.0
14,Gambero,Nessuna,Nessuna,MenoDi8,Famiglia,50.0
14,Calamaro,Nessuna,SalviaRosmarino,PiùDi15,Doppia,20.0
14,Salmone,Nessuna,Nessuna,PiùDi15,Mono,40.0
14,Gambero,Gratinato,PrezzemoloBasilico,8-15,Mono,30.0
14,Gambero,Panko,PrezzemoloBasilico,MenoDi8,Doppia,20.0
14,Calamaro,Nessuna,PrezzemoloBasilico,8-15,Famiglia,40.0
14,Calamaro,Panko,SalviaRosmarino,MenoDi8,Mono,20.0
14,Salmone,Gratinato,SalviaRosmarino,MenoDi8,Famiglia,60.0
15,Salmone,Nessuna,Nessuna,PiùDi15,Mono,0.0
15,Salmone,Gratinato,SalviaRosmarino,MenoDi8,Famiglia,70.0
15,Calamaro,Gratinato,PrezzemoloBasilico,PiùDi15,Famiglia,80.0
15,Calamaro,Gratinato,Nessuna,MenoDi8,Doppia,40.0
15,Gambero,Gratinato,SalviaRosmarino,PiùDi15,Mono,50.0
15,Gambero,Panko,PrezzemoloBasilico,MenoDi8,Doppia,70.0
15,Gambero,Nessuna,Nessuna,MenoDi8,Famiglia,20.0
15,Calamaro,Nessuna,SalviaRosmarino,PiùDi15,Doppia,40.0
15,Calamaro,Nessuna,PrezzemoloBasilico,8-15,Famiglia,30.0
15,Gambero,Gratinato,PrezzemoloBasilico,8-15,Mono,70.0
15,Gambero,Panko,Nessuna,PiùDi15,Famiglia,30.0
15,Salmone,Nessuna,PrezzemoloBasilico,MenoDi8,Mono,10.0
15,Calamaro,Panko,Nessuna,8-15,Mono,40.0
15,Gambero,Nessuna,SalviaRosmarino,8-15,Doppia,50.0
15,Salmone,Panko,PrezzemoloBasilico,PiùDi15,Doppia,70.0
15,Salmone,Panko,SalviaRosmarino,8-15,Famiglia,70.0
15,Calamaro,Panko,SalviaRosmarino,MenoDi8,Mono,70.0
15,Salmone,Gratinato,Nessuna,8-15,Doppia,30.0
16,Gambero,Panko,PrezzemoloBasilico,MenoDi8,Doppia,80.0
16,Salmone,Gratinato,Nessuna,8-15,Doppia,0.0
16,Salmone,Gratinato,SalviaRosmarino,MenoDi8,Famiglia,0.0
16,Gambero,Panko,Nessuna,PiùDi15,Famiglia,80.0
16,Salmone,Nessuna,Nessuna,PiùDi15,Mono,0.0
16,Salmone,Panko,PrezzemoloBasilico,PiùDi15,Doppia,0.0
16,Gambero,Gratinato,PrezzemoloBasilico,8-15,Mono,30.0
16,Calamaro,Nessuna,SalviaRosmarino,PiùDi15,Doppia,70.0
16,Salmone,Nessuna,PrezzemoloBasilico,MenoDi8,Mono,0.0
16,Gambero,Gratinato,SalviaRosmarino,PiùDi15,Mono,70.0
16,Gambero,Nessuna,Nessuna,MenoDi8,Famiglia,60.0
16,Gambero,Nessuna,SalviaRosmarino,8-15,Doppia,70.0
16,Calamaro,Gratinato,PrezzemoloBasilico,PiùDi15,Famiglia,60.0
16,Calamaro,Panko,Nessuna,8-15,Mono,70.0
16,Salmone,Panko,SalviaRosmarino,8-15,Famiglia,0.0
16,Calamaro,Nessuna,PrezzemoloBasilico,8-15,Famiglia,40.0
16,Calamaro,Panko,SalviaRosmarino,MenoDi8,Mono,70.0
16,Calamaro,Gratinato,Nessuna,MenoDi8,Doppia,60.0
17,Salmone,Panko,PrezzemoloBasilico,PiùDi15,Doppia,0.0
17,Calamaro,Panko,SalviaRosmarino,MenoDi8,Mono,100.0
17,Calamaro,Nessuna,SalviaRosmarino,PiùDi15,Doppia,100.0
17,Gambero,Gratinato,SalviaRosmarino,PiùDi15,Mono,100.0
17,Calamaro,Gratinato,PrezzemoloBasilico,PiùDi15,Famiglia,100.0
17,Salmone,Gratinato,SalviaRosmarino,MenoDi8,Famiglia,0.0
17,Salmone,Gratinato,Nessuna,8-15,Doppia,0.0
17,Calamaro,Nessuna,PrezzemoloBasilico,8-15,Famiglia,100.0
17,Gambero,Panko,PrezzemoloBasilico,MenoDi8,Doppia,100.0
17,Gambero,Gratinato,PrezzemoloBasilico,8-15,Mono,100.0
17,Calamaro,Panko,Nessuna,8-15,Mono,100.0
17,Salmone,Nessuna,Nessuna,PiùDi15,Mono,0.0
17,Salmone,Nessuna,PrezzemoloBasilico,MenoDi8,Mono,0.0
17,Calamaro,Gratinato,Nessuna,MenoDi8,Doppia,100.0
17,Salmone,Panko,SalviaRosmarino,8-15,Famiglia,0.0
17,Gambero,Panko,Nessuna,PiùDi15,Famiglia,100.0
17,Gambero,Nessuna,SalviaRosmarino,8-15,Doppia,90.0
17,Gambero,Nessuna,Nessuna,MenoDi8,Famiglia,90.0
19,Calamaro,Gratinato,PrezzemoloBasilico,PiùDi15,Famiglia,0.0
19,Gambero,Gratinato,SalviaRosmarino,PiùDi15,Mono,0.0
19,Calamaro,Panko,SalviaRosmarino,MenoDi8,Mono,0.0
19,Salmone,Nessuna,Nessuna,PiùDi15,Mono,0.0
19,Calamaro,Gratinato,Nessuna,MenoDi8,Doppia,0.0
19,Calamaro,Panko,Nessuna,8-15,Mono,0.0
19,Calamaro,Nessuna,PrezzemoloBasilico,8-15,Famiglia,0.0
19,Salmone,Panko,PrezzemoloBasilico,PiùDi15,Doppia,0.0
19,Gambero,Gratinato,PrezzemoloBasilico,8-15,Mono,0.0
19,Gambero,Panko,Nessuna,PiùDi15,Famiglia,0.0
19,Gambero,Nessuna,SalviaRosmarino,8-15,Doppia,0.0
19,Salmone,Panko,SalviaRosmarino,8-15,Famiglia,0.0
19,Calamaro,Nessuna,SalviaRosmarino,PiùDi15,Doppia,0.0
19,Gambero,Nessuna,Nessuna,MenoDi8,Famiglia,0.0
19,Gambero,Panko,PrezzemoloBasilico,MenoDi8,Doppia,0.0
19,Salmone,Gratinato,Nessuna,8-15,Doppia,0.0
19,Salmone,Nessuna,PrezzemoloBasilico,MenoDi8,Mono,0.0
19,Salmone,Gratinato,SalviaRosmarino,MenoDi8,Famiglia,0.0
20,Gambero,Nessuna,SalviaRosmarino,8-15,Doppia,80.0
20,Salmone,Panko,PrezzemoloBasilico,PiùDi15,Doppia,90.0
20,Salmone,Gratinato,SalviaRosmarino,MenoDi8,Famiglia,80.0
20,Calamaro,Panko,SalviaRosmarino,MenoDi8,Mono,70.0
20,Calamaro,Nessuna,SalviaRosmarino,PiùDi15,Doppia,90.0
20,Gambero,Gratinato,PrezzemoloBasilico,8-15,Mono,80.0
20,Gambero,Panko,Nessuna,PiùDi15,Famiglia,80.0
20,Calamaro,Nessuna,PrezzemoloBasilico,8-15,Famiglia,80.0
20,Salmone,Nessuna,Nessuna,PiùDi15,Mono,80.0
20,Salmone,Gratinato,Nessuna,8-15,Doppia,80.0
20,Gambero,Nessuna,Nessuna,MenoDi8,Famiglia,80.0
20,Gambero,Gratinato,SalviaRosmarino,PiùDi15,Mono,80.0
20,Salmone,Panko,SalviaRosmarino,8-15,Famiglia,90.0
20,Gambero,Panko,PrezzemoloBasilico,MenoDi8,Doppia,90.0
20,Calamaro,Gratinato,PrezzemoloBasilico,PiùDi15,Famiglia,80.0
20,Salmone,Nessuna,PrezzemoloBasilico,MenoDi8,Mono,80.0
20,Calamaro,Panko,Nessuna,8-15,Mono,70.0
20,Calamaro,Gratinato,Nessuna,MenoDi8,Doppia,80.0
22,Salmone,Panko,PrezzemoloBasilico,PiùDi15,Doppia,20.0
22,Salmone,Nessuna,PrezzemoloBasilico,MenoDi8,Mono,10.0
22,Salmone,Panko,SalviaRosmarino,8-15,Famiglia,20.0
22,Calamaro,Panko,SalviaRosmarino,MenoDi8,Mono,20.0
22,Salmone,Gratinato,SalviaRosmarino,MenoDi8,Famiglia,20.0
22,Calamaro,Nessuna,SalviaRosmarino,PiùDi15,Doppia,20.0
22,Gambero,Panko,PrezzemoloBasilico,MenoDi8,Doppia,20.0
22,Calamaro,Panko,Nessuna,8-15,Mono,20.0
22,Gambero,Nessuna,Nessuna,MenoDi8,Famiglia,20.0
22,Gambero,Gratinato,PrezzemoloBasilico,8-15,Mono,20.0
22,Gambero,Nessuna,SalviaRosmarino,8-15,Doppia,20.0
22,Gambero,Panko,Nessuna,PiùDi15,Famiglia,20.0
22,Salmone,Gratinato,Nessuna,8-15,Doppia,20.0
22,Calamaro,Gratinato,Nessuna,MenoDi8,Doppia,20.0
22,Gambero,Gratinato,SalviaRosmarino,PiùDi15,Mono,20.0
22,Salmone,Nessuna,Nessuna,PiùDi15,Mono,20.0
22,Calamaro,Gratinato,PrezzemoloBasilico,PiùDi15,Famiglia,20.0
22,Calamaro,Nessuna,PrezzemoloBasilico,8-15,Famiglia,20.0
24,Calamaro,Nessuna,PrezzemoloBasilico,8-15,Famiglia,40.0
24,Calamaro,Panko,Nessuna,8-15,Mono,40.0
24,Calamaro,Nessuna,SalviaRosmarino,PiùDi15,Doppia,40.0
24,Salmone,Panko,PrezzemoloBasilico,PiùDi15,Doppia,50.0
24,Calamaro,Gratinato,PrezzemoloBasilico,PiùDi15,Famiglia,40.0
24,Gambero,Nessuna,Nessuna,MenoDi8,Famiglia,30.0
24,Salmone,Panko,SalviaRosmarino,8-15,Famiglia,50.0
24,Salmone,Gratinato,SalviaRosmarino,MenoDi8,Famiglia,50.0
24,Salmone,Gratinato,Nessuna,8-15,Doppia,50.0
24,Salmone,Nessuna,Nessuna,PiùDi15,Mono,50.0
24,Gambero,Gratinato,PrezzemoloBasilico,8-15,Mono,40.0
24,Gambero,Panko,PrezzemoloBasilico,MenoDi8,Doppia,50.0
24,Gambero,Panko,Nessuna,PiùDi15,Famiglia,50.0
24,Calamaro,Panko,SalviaRosmarino,MenoDi8,Mono,40.0
24,Gambero,Nessuna,SalviaRosmarino,8-15,Doppia,40.0
24,Gambero,Gratinato,SalviaRosmarino,PiùDi15,Mono,40.0
24,Calamaro,Gratinato,Nessuna,MenoDi8,Doppia,40.0
24,Salmone,Nessuna,PrezzemoloBasilico,MenoDi8,Mono,50.0
25,Gambero,Panko,PrezzemoloBasilico,MenoDi8,Doppia,30.0
25,Calamaro,Gratinato,Nessuna,MenoDi8,Doppia,30.0
25,Gambero,Gratinato,SalviaRosmarino,PiùDi15,Mono,30.0
25,Gambero,Nessuna,SalviaRosmarino,8-15,Doppia,40.0
25,Calamaro,Panko,SalviaRosmarino,MenoDi8,Mono,30.0
25,Calamaro,Gratinato,PrezzemoloBasilico,PiùDi15,Famiglia,30.0
25,Salmone,Gratinato,SalviaRosmarino,MenoDi8,Famiglia,20.0
25,Salmone,Panko,SalviaRosmarino,8-15,Famiglia,20.0
25,Salmone,Nessuna,PrezzemoloBasilico,MenoDi8,Mono,30.0
25,Gambero,Nessuna,Nessuna,MenoDi8,Famiglia,30.0
25,Gambero,Gratinato,PrezzemoloBasilico,8-15,Mono,30.0
25,Salmone,Panko,PrezzemoloBasilico,PiùDi15,Doppia,20.0
25,Gambero,Panko,Nessuna,PiùDi15,Famiglia,30.0
25,Calamaro,Nessuna,SalviaRosmarino,PiùDi15,Doppia,10.0
25,Calamaro,Nessuna,PrezzemoloBasilico,8-15,Famiglia,30.0
25,Salmone,Nessuna,Nessuna,PiùDi15,Mono,0.0
25,Calamaro,Panko,Nessuna,8-15,Mono,30.0
25,Salmone,Gratinato,Nessuna,8-15,Doppia,20.0
26,Calamaro,Nessuna,PrezzemoloBasilico,8-15,Famiglia,50.0
26,Salmone,Panko,SalviaRosmarino,8-15,Famiglia,0.0
26,Calamaro,Panko,SalviaRosmarino,MenoDi8,Mono,50.0
26,Salmone,Gratinato,Nessuna,8-15,Doppia,0.0
26,Calamaro,Nessuna,SalviaRosmarino,PiùDi15,Doppia,50.0
26,Calamaro,Panko,Nessuna,8-15,Mono,50.0
26,Gambero,Gratinato,SalviaRosmarino,PiùDi15,Mono,60.0
26,Gambero,Panko,PrezzemoloBasilico,MenoDi8,Doppia,60.0
26,Salmone,Panko,PrezzemoloBasilico,PiùDi15,Doppia,0.0
26,Salmone,Gratinato,SalviaRosmarino,MenoDi8,Famiglia,0.0
26,Calamaro,Gratinato,Nessuna,MenoDi8,Doppia,40.0
26,Gambero,Gratinato,PrezzemoloBasilico,8-15,Mono,60.0
26,Gambero,Panko,Nessuna,PiùDi15,Famiglia,60.0
26,Gambero,Nessuna,Nessuna,MenoDi8,Famiglia,60.0
26,Salmone,Nessuna,PrezzemoloBasilico,MenoDi8,Mono,0.0
26,Salmone,Nessuna,Nessuna,PiùDi15,Mono,0.0
26,Calamaro,Gratinato,PrezzemoloBasilico,PiùDi15,Famiglia,40.0
26,Gambero,Nessuna,SalviaRosmarino,8-15,Doppia,60.0
27,Calamaro,Nessuna,SalviaRosmarino,PiùDi15,Doppia,50.0
27,Calamaro,Panko,SalviaRosmarino,MenoDi8,Mono,10.0
27,Salmone,Nessuna,Nessuna,PiùDi15,Mono,10.0
27,Salmone,Gratinato,Nessuna,8-15,Doppia,20.0
27,Calamaro,Gratinato,PrezzemoloBasilico,PiùDi15,Famiglia,40.0
27,Gambero,Gratinato,PrezzemoloBasilico,8-15,Mono,10.0
27,Salmone,Nessuna,PrezzemoloBasilico,MenoDi8,Mono,10.0
27,Gambero,Panko,PrezzemoloBasilico,MenoDi8,Doppia,40.0
27,Gambero,Panko,Nessuna,PiùDi15,Famiglia,40.0
27,Calamaro,Nessuna,PrezzemoloBasilico,8-15,Famiglia,50.0
27,Gambero,Nessuna,SalviaRosmarino,8-15,Doppia,50.0
27,Gambero,Gratinato,SalviaRosmarino,PiùDi15,Mono,10.0
27,Calamaro,Gratinato,Nessuna,MenoDi8,Doppia,30.0
27,Gambero,Nessuna,Nessuna,MenoDi8,Famiglia,80.0
27,Salmone,Panko,PrezzemoloBasilico,PiùDi15,Doppia,40.0
27,Salmone,Gratinato,SalviaRosmarino,MenoDi8,Famiglia,40.0
27,Salmone,Panko,SalviaRosmarino,8-15,Famiglia,40.0
27,Calamaro,Panko,Nessuna,8-15,Mono,10.0
28,Calamaro,Panko,Nessuna,8-15,Mono,80.0
28,Gambero,Nessuna,Nessuna,MenoDi8,Famiglia,70.0
28,Salmone,Panko,PrezzemoloBasilico,PiùDi15,Doppia,80.0
28,Calamaro,Panko,SalviaRosmarino,MenoDi8,Mono,80.0
28,Gambero,Nessuna,SalviaRosmarino,8-15,Doppia,80.0
28,Salmone,Nessuna,Nessuna,PiùDi15,Mono,80.0
28,Calamaro,Nessuna,SalviaRosmarino,PiùDi15,Doppia,80.0
28,Salmone,Gratinato,SalviaRosmarino,MenoDi8,Famiglia,90.0
28,Salmone,Nessuna,PrezzemoloBasilico,MenoDi8,Mono,80.0
28,Calamaro,Gratinato,Nessuna,MenoDi8,Doppia,80.0
28,Gambero,Panko,Nessuna,PiùDi15,Famiglia,80.0
28,Calamaro,Gratinato,PrezzemoloBasilico,PiùDi15,Famiglia,80.0
28,Salmone,Panko,SalviaRosmarino,8-15,Famiglia,80.0
28,Gambero,Gratinato,PrezzemoloBasilico,8-15,Mono,80.0
28,Gambero,Gratinato,SalviaRosmarino,PiùDi15,Mono,80.0
28,Salmone,Gratinato,Nessuna,8-15,Doppia,80.0
28,Calamaro,Nessuna,PrezzemoloBasilico,8-15,Famiglia,80.0
28,Gambero,Panko,PrezzemoloBasilico,MenoDi8,Doppia,80.0
31,Salmone,Panko,SalviaRosmarino,8-15,Famiglia,80.0
31,Calamaro,Panko,Nessuna,8-15,Mono,100.0
31,Gambero,Gratinato,SalviaRosmarino,PiùDi15,Mono,80.0
31,Calamaro,Panko,SalviaRosmarino,MenoDi8,Mono,80.0
31,Salmone,Panko,PrezzemoloBasilico,PiùDi15,Doppia,80.0
31,Salmone,Gratinato,Nessuna,8-15,Doppia,70.0
31,Gambero,Nessuna,SalviaRosmarino,8-15,Doppia,80.0
31,Salmone,Nessuna,Nessuna,PiùDi15,Mono,20.0
31,Gambero,Panko,PrezzemoloBasilico,MenoDi8,Doppia,80.0
31,Gambero,Nessuna,Nessuna,MenoDi8,Famiglia,10.0
31,Salmone,Gratinato,SalviaRosmarino,MenoDi8,Famiglia,80.0
31,Calamaro,Nessuna,PrezzemoloBasilico,8-15,Famiglia,80.0
31,Salmone,Nessuna,PrezzemoloBasilico,MenoDi8,Mono,50.0
31,Calamaro,Gratinato,Nessuna,MenoDi8,Doppia,100.0
31,Calamaro,Gratinato,PrezzemoloBasilico,PiùDi15,Famiglia,40.0
31,Gambero,Panko,Nessuna,PiùDi15,Famiglia,60.0
31,Calamaro,Nessuna,SalviaRosmarino,PiùDi15,Doppia,60.0
31,Gambero,Gratinato,PrezzemoloBasilico,8-15,Mono,60.0
32,Calamaro,Nessuna,SalviaRosmarino,PiùDi15,Doppia,60.0
32,Salmone,Panko,SalviaRosmarino,8-15,Famiglia,60.0
32,Calamaro,Gratinato,Nessuna,MenoDi8,Doppia,60.0
32,Gambero,Nessuna,SalviaRosmarino,8-15,Doppia,50.0
32,Salmone,Gratinato,Nessuna,8-15,Doppia,60.0
32,Gambero,Panko,Nessuna,PiùDi15,Famiglia,60.0
32,Calamaro,Panko,Nessuna,8-15,Mono,70.0
32,Calamaro,Panko,SalviaRosmarino,MenoDi8,Mono,70.0
32,Calamaro,Gratinato,PrezzemoloBasilico,PiùDi15,Famiglia,70.0
32,Salmone,Panko,PrezzemoloBasilico,PiùDi15,Doppia,60.0
32,Gambero,Panko,PrezzemoloBasilico,MenoDi8,Doppia,70.0
32,Calamaro,Nessuna,PrezzemoloBasilico,8-15,Famiglia,80.0
32,Salmone,Nessuna,Nessuna,PiùDi15,Mono,60.0
32,Gambero,Gratinato,PrezzemoloBasilico,8-15,Mono,60.0
32,Gambero,Nessuna,Nessuna,MenoDi8,Famiglia,70.0
32,Gambero,Gratinato,SalviaRosmarino,PiùDi15,Mono,60.0
32,Salmone,Nessuna,PrezzemoloBasilico,MenoDi8,Mono,70.0
32,Salmone,Gratinato,SalviaRosmarino,MenoDi8,Famiglia,60.0
33,Gambero,Panko,Nessuna,PiùDi15,Famiglia,50.0
33,Calamaro,Gratinato,PrezzemoloBasilico,PiùDi15,Famiglia,0.0
33,Gambero,Gratinato,PrezzemoloBasilico,8-15,Mono,60.0
33,Gambero,Gratinato,SalviaRosmarino,PiùDi15,Mono,50.0
33,Salmone,Gratinato,Nessuna,8-15,Doppia,0.0
33,Gambero,Panko,PrezzemoloBasilico,MenoDi8,Doppia,60.0
33,Calamaro,Nessuna,PrezzemoloBasilico,8-15,Famiglia,0.0
33,Gambero,Nessuna,Nessuna,MenoDi8,Famiglia,100.0
33,Salmone,Nessuna,PrezzemoloBasilico,MenoDi8,Mono,60.0
33,Calamaro,Gratinato,Nessuna,MenoDi8,Doppia,0.0
33,Salmone,Gratinato,SalviaRosmarino,MenoDi8,Famiglia,0.0
33,Salmone,Panko,SalviaRosmarino,8-15,Famiglia,0.0
33,Gambero,Nessuna,SalviaRosmarino,8-15,Doppia,100.0
33,Salmone,Nessuna,Nessuna,PiùDi15,Mono,0.0
33,Calamaro,Panko,SalviaRosmarino,MenoDi8,Mono,0.0
33,Calamaro,Nessuna,SalviaRosmarino,PiùDi15,Doppia,0.0
33,Salmone,Panko,PrezzemoloBasilico,PiùDi15,Doppia,0.0
33,Calamaro,Panko,Nessuna,8-15,Mono,0.0
34,Salmone,Panko,SalviaRosmarino,8-15,Famiglia,50.0
34,Gambero,Gratinato,SalviaRosmarino,PiùDi15,Mono,50.0
34,Calamaro,Nessuna,SalviaRosmarino,PiùDi15,Doppia,30.0
34,Salmone,Panko,PrezzemoloBasilico,PiùDi15,Doppia,70.0
34,Gambero,Panko,PrezzemoloBasilico,MenoDi8,Doppia,70.0
34,Salmone,Gratinato,Nessuna,8-15,Doppia,60.0
34,Salmone,Nessuna,PrezzemoloBasilico,MenoDi8,Mono,80.0
34,Calamaro,Panko,SalviaRosmarino,MenoDi8,Mono,30.0
34,Salmone,Gratinato,SalviaRosmarino,MenoDi8,Famiglia,60.0
34,Gambero,Gratinato,PrezzemoloBasilico,8-15,Mono,70.0
34,Salmone,Nessuna,Nessuna,PiùDi15,Mono,70.0
34,Gambero,Nessuna,SalviaRosmarino,8-15,Doppia,60.0
34,Calamaro,Panko,Nessuna,8-15,Mono,40.0
34,Calamaro,Gratinato,Nessuna,MenoDi8,Doppia,40.0
34,Gambero,Panko,Nessuna,PiùDi15,Famiglia,30.0
34,Calamaro,Gratinato,PrezzemoloBasilico,PiùDi15,Famiglia,40.0
34,Calamaro,Nessuna,PrezzemoloBasilico,8-15,Famiglia,20.0
34,Gambero,Nessuna,Nessuna,MenoDi8,Famiglia,20.0
35,Calamaro,Nessuna,SalviaRosmarino,PiùDi15,Doppia,50.0
35,Gambero,Panko,PrezzemoloBasilico,MenoDi8,Doppia,50.0
35,Calamaro,Gratinato,Nessuna,MenoDi8,Doppia,40.0
35,Salmone,Panko,PrezzemoloBasilico,PiùDi15,Doppia,60.0
35,Salmone,Panko,SalviaRosmarino,8-15,Famiglia,60.0
35,Calamaro,Gratinato,PrezzemoloBasilico,PiùDi15,Famiglia,50.0
35,Calamaro,Panko,SalviaRosmarino,MenoDi8,Mono,50.0
35,Salmone,Gratinato,Nessuna,8-15,Doppia,40.0
35,Salmone,Nessuna,Nessuna,PiùDi15,Mono,60.0
35,Salmone,Gratinato,SalviaRosmarino,MenoDi8,Famiglia,60.0
35,Gambero,Nessuna,Nessuna,MenoDi8,Famiglia,50.0
35,Gambero,Panko,Nessuna,PiùDi15,Famiglia,60.0
35,Salmone,Nessuna,PrezzemoloBasilico,MenoDi8,Mono,60.0
35,Gambero,Gratinato,PrezzemoloBasilico,8-15,Mono,30.0
35,Gambero,Nessuna,SalviaRosmarino,8-15,Doppia,50.0
35,Calamaro,Nessuna,PrezzemoloBasilico,8-15,Famiglia,50.0
35,Calamaro,Panko,Nessuna,8-15,Mono,30.0
35,Gambero,Gratinato,SalviaRosmarino,PiùDi15,Mono,30.0
36,Gambero,Gratinato,PrezzemoloBasilico,8-15,Mono,90.0
36,Calamaro,Panko,SalviaRosmarino,MenoDi8,Mono,80.0
36,Salmone,Gratinato,SalviaRosmarino,MenoDi8,Famiglia,90.0
36,Calamaro,Nessuna,SalviaRosmarino,PiùDi15,Doppia,80.0
36,Gambero,Nessuna,SalviaRosmarino,8-15,Doppia,40.0
36,Gambero,Nessuna,Nessuna,MenoDi8,Famiglia,10.0
36,Gambero,Panko,Nessuna,PiùDi15,Famiglia,80.0
36,Salmone,Gratinato,Nessuna,8-15,Doppia,60.0
36,Salmone,Nessuna,Nessuna,PiùDi15,Mono,50.0
36,Calamaro,Panko,Nessuna,8-15,Mono,80.0
36,Calamaro,Gratinato,Nessuna,MenoDi8,Doppia,50.0
36,Salmone,Panko,SalviaRosmarino,8-15,Famiglia,80.0
36,Salmone,Nessuna,PrezzemoloBasilico,MenoDi8,Mono,60.0
36,Calamaro,Gratinato,PrezzemoloBasilico,PiùDi15,Famiglia,80.0
36,Salmone,Panko,PrezzemoloBasilico,PiùDi15,Doppia,80.0
36,Calamaro,Nessuna,PrezzemoloBasilico,8-15,Famiglia,70.0
36,Gambero,Gratinato,SalviaRosmarino,PiùDi15,Mono,90.0
36,Gambero,Panko,PrezzemoloBasilico,MenoDi8,Doppia,80.0
37,Salmone,Nessuna,PrezzemoloBasilico,MenoDi8,Mono,100.0
37,Gambero,Panko,Nessuna,PiùDi15,Famiglia,0.0
37,Salmone,Panko,PrezzemoloBasilico,PiùDi15,Doppia,0.0
37,Gambero,Panko,PrezzemoloBasilico,MenoDi8,Doppia,0.0
37,Gambero,Gratinato,SalviaRosmarino,PiùDi15,Mono,0.0
37,Gambero,Nessuna,Nessuna,MenoDi8,Famiglia,100.0
37,Calamaro,Panko,SalviaRosmarino,MenoDi8,Mono,0.0
37,Calamaro,Gratinato,PrezzemoloBasilico,PiùDi15,Famiglia,0.0
37,Calamaro,Nessuna,PrezzemoloBasilico,8-15,Famiglia,0.0
37,Gambero,Gratinato,PrezzemoloBasilico,8-15,Mono,100.0
37,Calamaro,Gratinato,Nessuna,MenoDi8,Doppia,0.0
37,Salmone,Gratinato,SalviaRosmarino,MenoDi8,Famiglia,0.0
37,Salmone,Nessuna,Nessuna,PiùDi15,Mono,10.0
37,Gambero,Nessuna,SalviaRosmarino,8-15,Doppia,0.0
37,Salmone,Gratinato,Nessuna,8-15,Doppia,0.0
37,Calamaro,Nessuna,SalviaRosmarino,PiùDi15,Doppia,100.0
37,Salmone,Panko,SalviaRosmarino,8-15,Famiglia,0.0
37,Calamaro,Panko,Nessuna,8-15,Mono,0.0
38,Gambero,Panko,Nessuna,PiùDi15,Famiglia,90.0
38,Salmone,Panko,SalviaRosmarino,8-15,Famiglia,90.0
38,Gambero,Gratinato,PrezzemoloBasilico,8-15,Mono,90.0
38,Calamaro,Nessuna,PrezzemoloBasilico,8-15,Famiglia,70.0
38,Gambero,Nessuna,SalviaRosmarino,8-15,Doppia,70.0
38,Calamaro,Gratinato,PrezzemoloBasilico,PiùDi15,Famiglia,80.0
38,Gambero,Nessuna,Nessuna,MenoDi8,Famiglia,0.0
38,Calamaro,Panko,SalviaRosmarino,MenoDi8,Mono,30.0
38,Calamaro,Nessuna,SalviaRosmarino,PiùDi15,Doppia,30.0
38,Gambero,Panko,PrezzemoloBasilico,MenoDi8,Doppia,90.0
38,Calamaro,Gratinato,Nessuna,MenoDi8,Doppia,80.0
38,Calamaro,Panko,Nessuna,8-15,Mono,20.0
38,Salmone,Nessuna,PrezzemoloBasilico,MenoDi8,Mono,60.0
38,Salmone,Gratinato,SalviaRosmarino,MenoDi8,Famiglia,90.0
38,Salmone,Nessuna,Nessuna,PiùDi15,Mono,30.0
38,Gambero,Gratinato,SalviaRosmarino,PiùDi15,Mono,90.0
38,Salmone,Gratinato,Nessuna,8-15,Doppia,90.0
38,Salmone,Panko,PrezzemoloBasilico,PiùDi15,Doppia,90.0
39,Salmone,Nessuna,PrezzemoloBasilico,MenoDi8,Mono,70.0
39,Gambero,Panko,Nessuna,PiùDi15,Famiglia,0.0
39,Calamaro,Nessuna,PrezzemoloBasilico,8-15,Famiglia,50.0
39,Salmone,Nessuna,Nessuna,PiùDi15,Mono,20.0
39,Calamaro,Gratinato,Nessuna,MenoDi8,Doppia,80.0
39,Calamaro,Nessuna,SalviaRosmarino,PiùDi15,Doppia,50.0
39,Gambero,Gratinato,SalviaRosmarino,PiùDi15,Mono,10.0
39,Salmone,Gratinato,SalviaRosmarino,MenoDi8,Famiglia,10.0
39,Gambero,Nessuna,SalviaRosmarino,8-15,Doppia,40.0
39,Gambero,Panko,PrezzemoloBasilico,MenoDi8,Doppia,90.0
39,Calamaro,Gratinato,PrezzemoloBasilico,PiùDi15,Famiglia,10.0
39,Salmone,Panko,PrezzemoloBasilico,PiùDi15,Doppia,80.0
39,Gambero,Gratinato,PrezzemoloBasilico,8-15,Mono,10.0
39,Calamaro,Panko,SalviaRosmarino,MenoDi8,Mono,10.0
39,Salmone,Gratinato,Nessuna,8-15,Doppia,80.0
39,Gambero,Nessuna,Nessuna,MenoDi8,Famiglia,10.0
39,Calamaro,Panko,Nessuna,8-15,Mono,10.0
39,Salmone,Panko,SalviaRosmarino,8-15,Famiglia,0.0
40,Gambero,Panko,PrezzemoloBasilico,MenoDi8,Doppia,60.0
40,Calamaro,Nessuna,SalviaRosmarino,PiùDi15,Doppia,50.0
40,Calamaro,Panko,Nessuna,8-15,Mono,50.0
40,Calamaro,Gratinato,PrezzemoloBasilico,PiùDi15,Famiglia,40.0
40,Gambero,Gratinato,SalviaRosmarino,PiùDi15,Mono,70.0
40,Salmone,Gratinato,SalviaRosmarino,MenoDi8,Famiglia,60.0
40,Salmone,Panko,SalviaRosmarino,8-15,Famiglia,60.0
40,Salmone,Gratinato,Nessuna,8-15,Doppia,60.0
40,Calamaro,Panko,SalviaRosmarino,MenoDi8,Mono,50.0
40,Salmone,Panko,PrezzemoloBasilico,PiùDi15,Doppia,50.0
40,Calamaro,Gratinato,Nessuna,MenoDi8,Doppia,40.0
40,Gambero,Nessuna,Nessuna,MenoDi8,Famiglia,70.0
40,Salmone,Nessuna,Nessuna,PiùDi15,Mono,70.0
40,Salmone,Nessuna,PrezzemoloBasilico,MenoDi8,Mono,60.0
40,Gambero,Panko,Nessuna,PiùDi15,Famiglia,70.0
40,Gambero,Nessuna,SalviaRosmarino,8-15,Doppia,60.0
40,Gambero,Gratinato,PrezzemoloBasilico,8-15,Mono,70.0
40,Calamaro,Nessuna,PrezzemoloBasilico,8-15,Famiglia,40.0
41,Calamaro,Gratinato,Nessuna,MenoDi8,Doppia,70.0
41,Gambero,Gratinato,SalviaRosmarino,PiùDi15,Mono,80.0
41,Calamaro,Panko,Nessuna,8-15,Mono,70.0
41,Salmone,Panko,PrezzemoloBasilico,PiùDi15,Doppia,70.0
41,Salmone,Nessuna,Nessuna,PiùDi15,Mono,70.0
41,Salmone,Nessuna,PrezzemoloBasilico,MenoDi8,Mono,60.0
41,Salmone,Gratinato,SalviaRosmarino,MenoDi8,Famiglia,70.0
41,Gambero,Panko,PrezzemoloBasilico,MenoDi8,Doppia,70.0
41,Salmone,Gratinato,Nessuna,8-15,Doppia,70.0
41,Gambero,Nessuna,Nessuna,MenoDi8,Famiglia,70.0
41,Salmone,Panko,SalviaRosmarino,8-15,Famiglia,70.0
41,Calamaro,Gratinato,PrezzemoloBasilico,PiùDi15,Famiglia,70.0
41,Calamaro,Nessuna,SalviaRosmarino,PiùDi15,Doppia,70.0
41,Gambero,Gratinato,PrezzemoloBasilico,8-15,Mono,80.0
41,Calamaro,Nessuna,PrezzemoloBasilico,8-15,Famiglia,70.0
41,Gambero,Panko,Nessuna,PiùDi15,Famiglia,70.0
41,Calamaro,Panko,SalviaRosmarino,MenoDi8,Mono,70.0
41,Gambero,Nessuna,SalviaRosmarino,8-15,Doppia,60.0
42,Gambero,Panko,Nessuna,PiùDi15,Famiglia,100.0
42,Calamaro,Gratinato,PrezzemoloBasilico,PiùDi15,Famiglia,100.0
42,Salmone,Nessuna,PrezzemoloBasilico,MenoDi8,Mono,50.0
42,Calamaro,Nessuna,PrezzemoloBasilico,8-15,Famiglia,80.0
42,Salmone,Nessuna,Nessuna,PiùDi15,Mono,80.0
42,Calamaro,Panko,Nessuna,8-15,Mono,50.0
42,Salmone,Gratinato,Nessuna,8-15,Doppia,80.0
42,Gambero,Nessuna,SalviaRosmarino,8-15,Doppia,80.0
42,Gambero,Gratinato,PrezzemoloBasilico,8-15,Mono,50.0
42,Salmone,Panko,PrezzemoloBasilico,PiùDi15,Doppia,80.0
42,Gambero,Gratinato,SalviaRosmarino,PiùDi15,Mono,100.0
42,Calamaro,Nessuna,SalviaRosmarino,PiùDi15,Doppia,80.0
42,Gambero,Nessuna,Nessuna,MenoDi8,Famiglia,50.0
42,Calamaro,Gratinato,Nessuna,MenoDi8,Doppia,50.0
42,Salmone,Panko,SalviaRosmarino,8-15,Famiglia,80.0
42,Calamaro,Panko,SalviaRosmarino,MenoDi8,Mono,50.0
42,Gambero,Panko,PrezzemoloBasilico,MenoDi8,Doppia,100.0
42,Salmone,Gratinato,SalviaRosmarino,MenoDi8,Famiglia,100.0
44,Gambero,Panko,Nessuna,PiùDi15,Famiglia,0.0
44,Calamaro,Gratinato,PrezzemoloBasilico,PiùDi15,Famiglia,0.0
44,Calamaro,Gratinato,Nessuna,MenoDi8,Doppia,0.0
44,Salmone,Nessuna,PrezzemoloBasilico,MenoDi8,Mono,10.0
44,Salmone,Panko,SalviaRosmarino,8-15,Famiglia,0.0
44,Calamaro,Panko,SalviaRosmarino,MenoDi8,Mono,0.0
44,Gambero,Gratinato,SalviaRosmarino,PiùDi15,Mono,60.0
44,Calamaro,Nessuna,PrezzemoloBasilico,8-15,Famiglia,0.0
44,Gambero,Nessuna,Nessuna,MenoDi8,Famiglia,60.0
44,Salmone,Nessuna,Nessuna,PiùDi15,Mono,0.0
44,Calamaro,Nessuna,SalviaRosmarino,PiùDi15,Doppia,0.0
44,Gambero,Nessuna,SalviaRosmarino,8-15,Doppia,30.0
44,Salmone,Gratinato,Nessuna,8-15,Doppia,0.0
44,Salmone,Gratinato,SalviaRosmarino,MenoDi8,Famiglia,0.0
44,Gambero,Gratinato,PrezzemoloBasilico,8-15,Mono,60.0
44,Gambero,Panko,PrezzemoloBasilico,MenoDi8,Doppia,50.0
44,Calamaro,Panko,Nessuna,8-15,Mono,0.0
44,Salmone,Panko,PrezzemoloBasilico,PiùDi15,Doppia,0.0
45,Calamaro,Gratinato,Nessuna,MenoDi8,Doppia,70.0
45,Gambero,Nessuna,SalviaRosmarino,8-15,Doppia,70.0
45,Gambero,Gratinato,SalviaRosmarino,PiùDi15,Mono,70.0
45,Gambero,Panko,Nessuna,PiùDi15,Famiglia,60.0
45,Calamaro,Gratinato,PrezzemoloBasilico,PiùDi15,Famiglia,70.0
45,Salmone,Gratinato,Nessuna,8-15,Doppia,60.0
45,Gambero,Nessuna,Nessuna,MenoDi8,Famiglia,50.0
45,Calamaro,Panko,Nessuna,8-15,Mono,60.0
45,Calamaro,Nessuna,PrezzemoloBasilico,8-15,Famiglia,70.0
45,Calamaro,Nessuna,SalviaRosmarino,PiùDi15,Doppia,80.0
45,Salmone,Gratinato,SalviaRosmarino,MenoDi8,Famiglia,60.0
45,Calamaro,Panko,SalviaRosmarino,MenoDi8,Mono,80.0
45,Salmone,Nessuna,Nessuna,PiùDi15,Mono,50.0
45,Salmone,Nessuna,PrezzemoloBasilico,MenoDi8,Mono,60.0
45,Gambero,Panko,PrezzemoloBasilico,MenoDi8,Doppia,70.0
45,Salmone,Panko,PrezzemoloBasilico,PiùDi15,Doppia,60.0
45,Gambero,Gratinato,PrezzemoloBasilico,8-15,Mono,70.0
45,Salmone,Panko,SalviaRosmarino,8-15,Famiglia,60.0
46,Gambero,Panko,Nessuna,PiùDi15,Famiglia,20.0
46,Calamaro,Nessuna,SalviaRosmarino,PiùDi15,Doppia,20.0
46,Salmone,Panko,PrezzemoloBasilico,PiùDi15,Doppia,20.0
46,Salmone,Nessuna,Nessuna,PiùDi15,Mono,20.0
46,Gambero,Nessuna,SalviaRosmarino,8-15,Doppia,0.0
46,Calamaro,Gratinato,PrezzemoloBasilico,PiùDi15,Famiglia,30.0
46,Salmone,Panko,SalviaRosmarino,8-15,Famiglia,50.0
46,Calamaro,Gratinato,Nessuna,MenoDi8,Doppia,30.0
46,Salmone,Gratinato,Nessuna,8-15,Doppia,40.0
46,Calamaro,Nessuna,PrezzemoloBasilico,8-15,Famiglia,20.0
46,Calamaro,Panko,SalviaRosmarino,MenoDi8,Mono,20.0
46,Salmone,Gratinato,SalviaRosmarino,MenoDi8,Famiglia,40.0
46,Gambero,Nessuna,Nessuna,MenoDi8,Famiglia,30.0
46,Salmone,Nessuna,PrezzemoloBasilico,MenoDi8,Mono,20.0
46,Gambero,Panko,PrezzemoloBasilico,MenoDi8,Doppia,20.0
46,Gambero,Gratinato,PrezzemoloBasilico,8-15,Mono,30.0
46,Calamaro,Panko,Nessuna,8-15,Mono,30.0
46,Gambero,Gratinato,SalviaRosmarino,PiùDi15,Mono,30.0
47,Calamaro,Panko,Nessuna,8-15,Mono,0.0
47,Calamaro,Nessuna,PrezzemoloBasilico,8-15,Famiglia,0.0
47,Gambero,Gratinato,PrezzemoloBasilico,8-15,Mono,0.0
47,Salmone,Nessuna,Nessuna,PiùDi15,Mono,0.0
47,Gambero,Nessuna,SalviaRosmarino,8-15,Doppia,90.0
47,Salmone,Panko,PrezzemoloBasilico,PiùDi15,Doppia,0.0
47,Salmone,Nessuna,PrezzemoloBasilico,MenoDi8,Mono,0.0
47,Salmone,Panko,SalviaRosmarino,8-15,Famiglia,80.0
47,Gambero,Nessuna,Nessuna,MenoDi8,Famiglia,80.0
47,Calamaro,Nessuna,SalviaRosmarino,PiùDi15,Doppia,0.0
47,Calamaro,Gratinato,Nessuna,MenoDi8,Doppia,0.0
47,Gambero,Panko,PrezzemoloBasilico,MenoDi8,Doppia,40.0
47,Calamaro,Panko,SalviaRosmarino,MenoDi8,Mono,0.0
47,Gambero,Gratinato,SalviaRosmarino,PiùDi15,Mono,0.0
47,Salmone,Gratinato,SalviaRosmarino,MenoDi8,Famiglia,80.0
47,Salmone,Gratinato,Nessuna,8-15,Doppia,70.0
47,Gambero,Panko,Nessuna,PiùDi15,Famiglia,60.0
47,Calamaro,Gratinato,PrezzemoloBasilico,PiùDi15,Famiglia,0.0
48,Calamaro,Nessuna,PrezzemoloBasilico,8-15,Famiglia,20.0
48,Salmone,Nessuna,PrezzemoloBasilico,MenoDi8,Mono,30.0
48,Gambero,Gratinato,SalviaRosmarino,PiùDi15,Mono,20.0
48,Gambero,Nessuna,Nessuna,MenoDi8,Famiglia,20.0
48,Gambero,Panko,Nessuna,PiùDi15,Famiglia,20.0
48,Calamaro,Panko,SalviaRosmarino,MenoDi8,Mono,10.0
48,Calamaro,Gratinato,PrezzemoloBasilico,PiùDi15,Famiglia,20.0
48,Salmone,Gratinato,Nessuna,8-15,Doppia,10.0
48,Salmone,Panko,PrezzemoloBasilico,PiùDi15,Doppia,20.0
48,Gambero,Nessuna,SalviaRosmarino,8-15,Doppia,40.0
48,Gambero,Panko,PrezzemoloBasilico,MenoDi8,Doppia,20.0
48,Calamaro,Nessuna,SalviaRosmarino,PiùDi15,Doppia,20.0
48,Salmone,Nessuna,Nessuna,PiùDi15,Mono,30.0
48,Salmone,Gratinato,SalviaRosmarino,MenoDi8,Famiglia,0.0
48,Calamaro,Panko,Nessuna,8-15,Mono,10.0
48,Gambero,Gratinato,PrezzemoloBasilico,8-15,Mono,10.0
48,Salmone,Panko,SalviaRosmarino,8-15,Famiglia,20.0
48,Calamaro,Gratinato,Nessuna,MenoDi8,Doppia,20.0
49,Salmone,Panko,SalviaRosmarino,8-15,Famiglia,100.0
49,Salmone,Nessuna,PrezzemoloBasilico,MenoDi8,Mono,100.0
49,Salmone,Panko,PrezzemoloBasilico,PiùDi15,Doppia,100.0
49,Calamaro,Panko,SalviaRosmarino,MenoDi8,Mono,100.0
49,Salmone,Gratinato,Nessuna,8-15,Doppia,100.0
49,Gambero,Nessuna,SalviaRosmarino,8-15,Doppia,100.0
49,Gambero,Nessuna,Nessuna,MenoDi8,Famiglia,100.0
49,Calamaro,Panko,Nessuna,8-15,Mono,100.0
49,Gambero,Gratinato,PrezzemoloBasilico,8-15,Mono,100.0
49,Gambero,Gratinato,SalviaRosmarino,PiùDi15,Mono,100.0
49,Calamaro,Gratinato,PrezzemoloBasilico,PiùDi15,Famiglia,100.0
49,Salmone,Gratinato,SalviaRosmarino,MenoDi8,Famiglia,100.0
49,Salmone,Nessuna,Nessuna,PiùDi15,Mono,100.0
49,Gambero,Panko,Nessuna,PiùDi15,Famiglia,100.0
49,Calamaro,Nessuna,SalviaRosmarino,PiùDi15,Doppia,100.0
49,Gambero,Panko,PrezzemoloBasilico,MenoDi8,Doppia,100.0
49,Calamaro,Nessuna,PrezzemoloBasilico,8-15,Famiglia,100.0
49,Calamaro,Gratinato,Nessuna,MenoDi8,Doppia,100.0
50,Calamaro,Gratinato,Nessuna,MenoDi8,Doppia,0.0
50,Calamaro,Nessuna,PrezzemoloBasilico,8-15,Famiglia,0.0
50,Salmone,Nessuna,PrezzemoloBasilico,MenoDi8,Mono,0.0
50,Salmone,Panko,SalviaRosmarino,8-15,Famiglia,0.0
50,Salmone,Gratinato,Nessuna,8-15,Doppia,0.0
50,Gambero,Panko,Nessuna,PiùDi15,Famiglia,0.0
50,Gambero,Panko,PrezzemoloBasilico,MenoDi8,Doppia,0.0
50,Gambero,Gratinato,PrezzemoloBasilico,8-15,Mono,0.0
50,Calamaro,Panko,SalviaRosmarino,MenoDi8,Mono,0.0
50,Salmone,Panko,PrezzemoloBasilico,PiùDi15,Doppia,0.0
50,Calamaro,Panko,Nessuna,8-15,Mono,0.0
50,Calamaro,Nessuna,SalviaRosmarino,PiùDi15,Doppia,0.0
50,Gambero,Nessuna,Nessuna,MenoDi8,Famiglia,0.0
50,Salmone,Gratinato,SalviaRosmarino,MenoDi8,Famiglia,0.0
50,Salmone,Nessuna,Nessuna,PiùDi15,Mono,0.0
50,Calamaro,Gratinato,PrezzemoloBasilico,PiùDi15,Famiglia,0.0
50,Gambero,Gratinato,SalviaRosmarino,PiùDi15,Mono,0.0
50,Gambero,Nessuna,SalviaRosmarino,8-15,Doppia,0.0
51,Calamaro,Panko,SalviaRosmarino,MenoDi8,Mono,20.0
51,Calamaro,Gratinato,Nessuna,MenoDi8,Doppia,0.0
51,Gambero,Nessuna,SalviaRosmarino,8-15,Doppia,20.0
51,Calamaro,Panko,Nessuna,8-15,Mono,0.0
51,Calamaro,Gratinato,PrezzemoloBasilico,PiùDi15,Famiglia,30.0
51,Salmone,Panko,PrezzemoloBasilico,PiùDi15,Doppia,20.0
51,Salmone,Gratinato,Nessuna,8-15,Doppia,0.0
51,Gambero,Gratinato,SalviaRosmarino,PiùDi15,Mono,10.0
51,Salmone,Nessuna,Nessuna,PiùDi15,Mono,0.0
51,Calamaro,Nessuna,SalviaRosmarino,PiùDi15,Doppia,20.0
51,Gambero,Nessuna,Nessuna,MenoDi8,Famiglia,20.0
51,Gambero,Panko,PrezzemoloBasilico,MenoDi8,Doppia,40.0
51,Gambero,Panko,Nessuna,PiùDi15,Famiglia,20.0
51,Salmone,Panko,SalviaRosmarino,8-15,Famiglia,30.0
51,Calamaro,Nessuna,PrezzemoloBasilico,8-15,Famiglia,10.0
51,Salmone,Nessuna,PrezzemoloBasilico,MenoDi8,Mono,20.0
51,Salmone,Gratinato,SalviaRosmarino,MenoDi8,Famiglia,20.0
51,Gambero,Gratinato,PrezzemoloBasilico,8-15,Mono,20.0
52,Gambero,Gratinato,SalviaRosmarino,PiùDi15,Mono,100.0
52,Salmone,Gratinato,Nessuna,8-15,Doppia,100.0
52,Salmone,Nessuna,Nessuna,PiùDi15,Mono,0.0
52,Salmone,Panko,SalviaRosmarino,8-15,Famiglia,30.0
52,Salmone,Nessuna,PrezzemoloBasilico,MenoDi8,Mono,0.0
52,Calamaro,Panko,Nessuna,8-15,Mono,100.0
52,Calamaro,Nessuna,SalviaRosmarino,PiùDi15,Doppia,20.0
52,Gambero,Nessuna,Nessuna,MenoDi8,Famiglia,50.0
52,Calamaro,Nessuna,PrezzemoloBasilico,8-15,Famiglia,40.0
52,Gambero,Nessuna,SalviaRosmarino,8-15,Doppia,50.0
52,Calamaro,Gratinato,Nessuna,MenoDi8,Doppia,100.0
52,Salmone,Panko,PrezzemoloBasilico,PiùDi15,Doppia,20.0
52,Gambero,Gratinato,PrezzemoloBasilico,8-15,Mono,100.0
52,Gambero,Panko,PrezzemoloBasilico,MenoDi8,Doppia,100.0
52,Calamaro,Panko,SalviaRosmarino,MenoDi8,Mono,60.0
52,Calamaro,Gratinato,PrezzemoloBasilico,PiùDi15,Famiglia,100.0
52,Salmone,Gratinato,SalviaRosmarino,MenoDi8,Famiglia,100.0
52,Gambero,Panko,Nessuna,PiùDi15,Famiglia,100.0
53,Gambero,Gratinato,SalviaRosmarino,PiùDi15,Mono,80.0
53,Calamaro,Panko,SalviaRosmarino,MenoDi8,Mono,70.0
53,Salmone,Gratinato,Nessuna,8-15,Doppia,50.0
53,Calamaro,Nessuna,PrezzemoloBasilico,8-15,Famiglia,40.0
53,Salmone,Nessuna,PrezzemoloBasilico,MenoDi8,Mono,60.0
53,Calamaro,Nessuna,SalviaRosmarino,PiùDi15,Doppia,70.0
53,Salmone,Panko,SalviaRosmarino,8-15,Famiglia,80.0
53,Gambero,Panko,PrezzemoloBasilico,MenoDi8,Doppia,80.0
53,Gambero,Panko,Nessuna,PiùDi15,Famiglia,80.0
53,Salmone,Panko,PrezzemoloBasilico,PiùDi15,Doppia,60.0
53,Gambero,Nessuna,SalviaRosmarino,8-15,Doppia,80.0
53,Calamaro,Gratinato,Nessuna,MenoDi8,Doppia,60.0
53,Calamaro,Gratinato,PrezzemoloBasilico,PiùDi15,Famiglia,70.0
53,Calamaro,Panko,Nessuna,8-15,Mono,40.0
53,Gambero,Gratinato,PrezzemoloBasilico,8-15,Mono,80.0
53,Salmone,Nessuna,Nessuna,PiùDi15,Mono,70.0
53,Gambero,Nessuna,Nessuna,MenoDi8,Famiglia,70.0
53,Salmone,Gratinato,SalviaRosmarino,MenoDi8,Famiglia,60.0
54,Gambero,Panko,PrezzemoloBasilico,MenoDi8,Doppia,70.0
54,Calamaro,Nessuna,PrezzemoloBasilico,8-15,Famiglia,30.0
54,Salmone,Gratinato,SalviaRosmarino,MenoDi8,Famiglia,70.0
54,Gambero,Nessuna,Nessuna,MenoDi8,Famiglia,50.0
54,Salmone,Panko,PrezzemoloBasilico,PiùDi15,Doppia,90.0
54,Gambero,Gratinato,SalviaRosmarino,PiùDi15,Mono,50.0
54,Calamaro,Panko,Nessuna,8-15,Mono,20.0
54,Calamaro,Nessuna,SalviaRosmarino,PiùDi15,Doppia,20.0
54,Calamaro,Gratinato,PrezzemoloBasilico,PiùDi15,Famiglia,50.0
54,Calamaro,Panko,SalviaRosmarino,MenoDi8,Mono,30.0
54,Gambero,Gratinato,PrezzemoloBasilico,8-15,Mono,60.0
54,Salmone,Nessuna,Nessuna,PiùDi15,Mono,70.0
54,Gambero,Panko,Nessuna,PiùDi15,Famiglia,80.0
54,Salmone,Panko,SalviaRosmarino,8-15,Famiglia,80.0
54,Salmone,Gratinato,Nessuna,8-15,Doppia,80.0
54,Salmone,Nessuna,PrezzemoloBasilico,MenoDi8,Mono,90.0
54,Gambero,Nessuna,SalviaRosmarino,8-15,Doppia,70.0
54,Calamaro,Gratinato,Nessuna,MenoDi8,Doppia,50.0
56,Salmone,Nessuna,Nessuna,PiùDi15,Mono,90.0
56,Gambero,Nessuna,Nessuna,MenoDi8,Famiglia,60.0
56,Calamaro,Gratinato,Nessuna,MenoDi8,Doppia,40.0
56,Gambero,Nessuna,SalviaRosmarino,8-15,Doppia,80.0
56,Salmone,Gratinato,SalviaRosmarino,MenoDi8,Famiglia,80.0
56,Calamaro,Gratinato,PrezzemoloBasilico,PiùDi15,Famiglia,40.0
56,Calamaro,Nessuna,PrezzemoloBasilico,8-15,Famiglia,30.0
56,Salmone,Panko,SalviaRosmarino,8-15,Famiglia,50.0
56,Gambero,Gratinato,PrezzemoloBasilico,8-15,Mono,50.0
56,Salmone,Gratinato,Nessuna,8-15,Doppia,50.0
56,Gambero,Gratinato,SalviaRosmarino,PiùDi15,Mono,50.0
56,Gambero,Panko,Nessuna,PiùDi15,Famiglia,50.0
56,Calamaro,Panko,Nessuna,8-15,Mono,50.0
56,Gambero,Panko,PrezzemoloBasilico,MenoDi8,Doppia,80.0
56,Calamaro,Nessuna,SalviaRosmarino,PiùDi15,Doppia,60.0
56,Calamaro,Panko,SalviaRosmarino,MenoDi8,Mono,50.0
56,Salmone,Nessuna,PrezzemoloBasilico,MenoDi8,Mono,90.0
56,Salmone,Panko,PrezzemoloBasilico,PiùDi15,Doppia,80.0
58,Calamaro,Panko,SalviaRosmarino,MenoDi8,Mono,50.0
58,Calamaro,Gratinato,PrezzemoloBasilico,PiùDi15,Famiglia,60.0
58,Gambero,Gratinato,PrezzemoloBasilico,8-15,Mono,60.0
58,Salmone,Gratinato,SalviaRosmarino,MenoDi8,Famiglia,100.0
58,Calamaro,Gratinato,Nessuna,MenoDi8,Doppia,70.0
58,Gambero,Panko,Nessuna,PiùDi15,Famiglia,50.0
58,Salmone,Nessuna,PrezzemoloBasilico,MenoDi8,Mono,100.0
58,Salmone,Nessuna,Nessuna,PiùDi15,Mono,100.0
58,Calamaro,Panko,Nessuna,8-15,Mono,50.0
58,Gambero,Gratinato,SalviaRosmarino,PiùDi15,Mono,80.0
58,Salmone,Gratinato,Nessuna,8-15,Doppia,100.0
58,Gambero,Nessuna,Nessuna,MenoDi8,Famiglia,100.0
58,Calamaro,Nessuna,SalviaRosmarino,PiùDi15,Doppia,80.0
58,Calamaro,Nessuna,PrezzemoloBasilico,8-15,Famiglia,70.0
58,Salmone,Panko,SalviaRosmarino,8-15,Famiglia,100.0
58,Salmone,Panko,PrezzemoloBasilico,PiùDi15,Doppia,100.0
58,Gambero,Nessuna,SalviaRosmarino,8-15,Doppia,80.0
58,Gambero,Panko,PrezzemoloBasilico,MenoDi8,Doppia,50.0
59,Gambero,Gratinato,PrezzemoloBasilico,8-15,Mono,80.0
59,Calamaro,Gratinato,Nessuna,MenoDi8,Doppia,70.0
59,Salmone,Panko,PrezzemoloBasilico,PiùDi15,Doppia,60.0
59,Calamaro,Panko,Nessuna,8-15,Mono,80.0
59,Calamaro,Panko,SalviaRosmarino,MenoDi8,Mono,70.0
59,Calamaro,Nessuna,SalviaRosmarino,PiùDi15,Doppia,80.0
59,Salmone,Gratinato,Nessuna,8-15,Doppia,70.0
59,Salmone,Nessuna,Nessuna,PiùDi15,Mono,70.0
59,Gambero,Panko,PrezzemoloBasilico,MenoDi8,Doppia,80.0
59,Calamaro,Nessuna,PrezzemoloBasilico,8-15,Famiglia,70.0
59,Gambero,Nessuna,SalviaRosmarino,8-15,Doppia,70.0
59,Gambero,Nessuna,Nessuna,MenoDi8,Famiglia,70.0
59,Salmone,Gratinato,SalviaRosmarino,MenoDi8,Famiglia,70.0
59,Salmone,Nessuna,PrezzemoloBasilico,MenoDi8,Mono,60.0
59,Gambero,Gratinato,SalviaRosmarino,PiùDi15,Mono,70.0
59,Salmone,Panko,SalviaRosmarino,8-15,Famiglia,60.0
59,Calamaro,Gratinato,PrezzemoloBasilico,PiùDi15,Famiglia,80.0
59,Gambero,Panko,Nessuna,PiùDi15,Famiglia,70.0
60,Calamaro,Nessuna,PrezzemoloBasilico,8-15,Famiglia,10.0
60,Gambero,Nessuna,Nessuna,MenoDi8,Famiglia,30.0
60,Salmone,Panko,PrezzemoloBasilico,PiùDi15,Doppia,20.0
60,Calamaro,Panko,Nessuna,8-15,Mono,20.0
60,Gambero,Gratinato,SalviaRosmarino,PiùDi15,Mono,20.0
60,Salmone,Gratinato,Nessuna,8-15,Doppia,30.0
60,Salmone,Panko,SalviaRosmarino,8-15,Famiglia,10.0
60,Salmone,Nessuna,PrezzemoloBasilico,MenoDi8,Mono,10.0
60,Salmone,Gratinato,SalviaRosmarino,MenoDi8,Famiglia,20.0
60,Calamaro,Gratinato,Nessuna,MenoDi8,Doppia,20.0
60,Calamaro,Panko,SalviaRosmarino,MenoDi8,Mono,60.0
60,Gambero,Gratinato,PrezzemoloBasilico,8-15,Mono,60.0
60,Salmone,Nessuna,Nessuna,PiùDi15,Mono,10.0
60,Calamaro,Gratinato,PrezzemoloBasilico,PiùDi15,Famiglia,20.0
60,Gambero,Panko,Nessuna,PiùDi15,Famiglia,20.0
60,Calamaro,Nessuna,SalviaRosmarino,PiùDi15,Doppia,30.0
60,Gambero,Nessuna,SalviaRosmarino,8-15,Doppia,30.0
60,Gambero,Panko,PrezzemoloBasilico,MenoDi8,Doppia,20.0
61,Salmone,Panko,SalviaRosmarino,8-15,Famiglia,0.0
61,Salmone,Nessuna,PrezzemoloBasilico,MenoDi8,Mono,80.0
61,Calamaro,Nessuna,SalviaRosmarino,PiùDi15,Doppia,10.0
61,Calamaro,Nessuna,PrezzemoloBasilico,8-15,Famiglia,20.0
61,Salmone,Gratinato,SalviaRosmarino,MenoDi8,Famiglia,10.0
61,Salmone,Gratinato,Nessuna,8-15,Doppia,0.0
61,Gambero,Gratinato,SalviaRosmarino,PiùDi15,Mono,0.0
61,Gambero,Nessuna,SalviaRosmarino,8-15,Doppia,40.0
61,Calamaro,Gratinato,PrezzemoloBasilico,PiùDi15,Famiglia,0.0
61,Calamaro,Gratinato,Nessuna,MenoDi8,Doppia,0.0
61,Salmone,Nessuna,Nessuna,PiùDi15,Mono,40.0
61,Salmone,Panko,PrezzemoloBasilico,PiùDi15,Doppia,10.0
61,Calamaro,Panko,SalviaRosmarino,MenoDi8,Mono,10.0
61,Gambero,Gratinato,PrezzemoloBasilico,8-15,Mono,0.0
61,Calamaro,Panko,Nessuna,8-15,Mono,0.0
61,Gambero,Panko,PrezzemoloBasilico,MenoDi8,Doppia,10.0
61,Gambero,Panko,Nessuna,PiùDi15,Famiglia,40.0
61,Gambero,Nessuna,Nessuna,MenoDi8,Famiglia,90.0
63,Gambero,Panko,PrezzemoloBasilico,MenoDi8,Doppia,40.0
63,Salmone,Gratinato,Nessuna,8-15,Doppia,40.0
63,Calamaro,Gratinato,PrezzemoloBasilico,PiùDi15,Famiglia,70.0
63,Salmone,Nessuna,PrezzemoloBasilico,MenoDi8,Mono,50.0
63,Salmone,Gratinato,SalviaRosmarino,MenoDi8,Famiglia,80.0
63,Gambero,Nessuna,SalviaRosmarino,8-15,Doppia,70.0
63,Calamaro,Panko,SalviaRosmarino,MenoDi8,Mono,90.0
63,Calamaro,Gratinato,Nessuna,MenoDi8,Doppia,90.0
63,Gambero,Gratinato,PrezzemoloBasilico,8-15,Mono,60.0
63,Gambero,Panko,Nessuna,PiùDi15,Famiglia,30.0
63,Salmone,Panko,SalviaRosmarino,8-15,Famiglia,70.0
63,Calamaro,Nessuna,PrezzemoloBasilico,8-15,Famiglia,30.0
63,Salmone,Panko,PrezzemoloBasilico,PiùDi15,Doppia,90.0
63,Gambero,Nessuna,Nessuna,MenoDi8,Famiglia,40.0
63,Calamaro,Panko,Nessuna,8-15,Mono,80.0
63,Gambero,Gratinato,SalviaRosmarino,PiùDi15,Mono,90.0
63,Salmone,Nessuna,Nessuna,PiùDi15,Mono,60.0
63,Calamaro,Nessuna,SalviaRosmarino,PiùDi15,Doppia,70.0
64,Gambero,Gratinato,PrezzemoloBasilico,8-15,Mono,40.0
64,Gambero,Nessuna,SalviaRosmarino,8-15,Doppia,30.0
64,Calamaro,Nessuna,SalviaRosmarino,PiùDi15,Doppia,30.0
64,Calamaro,Panko,SalviaRosmarino,MenoDi8,Mono,20.0
64,Salmone,Gratinato,SalviaRosmarino,MenoDi8,Famiglia,40.0
64,Calamaro,Nessuna,PrezzemoloBasilico,8-15,Famiglia,30.0
64,Salmone,Panko,PrezzemoloBasilico,PiùDi15,Doppia,20.0
64,Calamaro,Gratinato,Nessuna,MenoDi8,Doppia,60.0
64,Salmone,Nessuna,Nessuna,PiùDi15,Mono,10.0
64,Gambero,Panko,Nessuna,PiùDi15,Famiglia,20.0
64,Calamaro,Gratinato,PrezzemoloBasilico,PiùDi15,Famiglia,40.0
64,Gambero,Nessuna,Nessuna,MenoDi8,Famiglia,20.0
64,Salmone,Nessuna,PrezzemoloBasilico,MenoDi8,Mono,40.0
64,Salmone,Panko,SalviaRosmarino,8-15,Famiglia,20.0
64,Calamaro,Panko,Nessuna,8-15,Mono,10.0
64,Gambero,Panko,PrezzemoloBasilico,MenoDi8,Doppia,10.0
64,Gambero,Gratinato,SalviaRosmarino,PiùDi15,Mono,30.0
64,Salmone,Gratinato,Nessuna,8-15,Doppia,40.0
65,Gambero,Panko,PrezzemoloBasilico,MenoDi8,Doppia,0.0
65,Salmone,Panko,PrezzemoloBasilico,PiùDi15,Doppia,0.0
65,Salmone,Gratinato,SalviaRosmarino,MenoDi8,Famiglia,0.0
65,Salmone,Nessuna,PrezzemoloBasilico,MenoDi8,Mono,0.0
65,Calamaro,Panko,Nessuna,8-15,Mono,0.0
65,Calamaro,Panko,SalviaRosmarino,MenoDi8,Mono,0.0
65,Salmone,Panko,SalviaRosmarino,8-15,Famiglia,0.0
65,Salmone,Nessuna,Nessuna,PiùDi15,Mono,0.0
65,Salmone,Gratinato,Nessuna,8-15,Doppia,0.0
65,Calamaro,Gratinato,PrezzemoloBasilico,PiùDi15,Famiglia,0.0
65,Gambero,Panko,Nessuna,PiùDi15,Famiglia,0.0
65,Gambero,Gratinato,SalviaRosmarino,PiùDi15,Mono,0.0
65,Calamaro,Gratinato,Nessuna,MenoDi8,Doppia,0.0
65,Gambero,Nessuna,Nessuna,MenoDi8,Famiglia,0.0
65,Calamaro,Nessuna,SalviaRosmarino,PiùDi15,Doppia,0.0
65,Gambero,Gratinato,PrezzemoloBasilico,8-15,Mono,0.0
65,Calamaro,Nessuna,PrezzemoloBasilico,8-15,Famiglia,0.0
65,Gambero,Nessuna,SalviaRosmarino,8-15,Doppia,0.0
68,Gambero,Nessuna,SalviaRosmarino,8-15,Doppia,100.0
68,Calamaro,Nessuna,PrezzemoloBasilico,8-15,Famiglia,50.0
68,Salmone,Gratinato,Nessuna,8-15,Doppia,30.0
68,Gambero,Panko,PrezzemoloBasilico,MenoDi8,Doppia,80.0
68,Gambero,Gratinato,PrezzemoloBasilico,8-15,Mono,30.0
68,Calamaro,Gratinato,PrezzemoloBasilico,PiùDi15,Famiglia,40.0
68,Calamaro,Gratinato,Nessuna,MenoDi8,Doppia,30.0
68,Salmone,Nessuna,Nessuna,PiùDi15,Mono,60.0
68,Gambero,Nessuna,Nessuna,MenoDi8,Famiglia,60.0
68,Salmone,Nessuna,PrezzemoloBasilico,MenoDi8,Mono,80.0
68,Calamaro,Panko,Nessuna,8-15,Mono,70.0
68,Salmone,Gratinato,SalviaRosmarino,MenoDi8,Famiglia,10.0
68,Gambero,Panko,Nessuna,PiùDi15,Famiglia,70.0
68,Salmone,Panko,SalviaRosmarino,8-15,Famiglia,30.0
68,Calamaro,Panko,SalviaRosmarino,MenoDi8,Mono,70.0
68,Salmone,Panko,PrezzemoloBasilico,PiùDi15,Doppia,80.0
68,Calamaro,Nessuna,SalviaRosmarino,PiùDi15,Doppia,100.0
68,Gambero,Gratinato,SalviaRosmarino,PiùDi15,Mono,30.0
69,Gambero,Panko,Nessuna,PiùDi15,Famiglia,20.0
69,Calamaro,Nessuna,SalviaRosmarino,PiùDi15,Doppia,60.0
69,Salmone,Nessuna,PrezzemoloBasilico,MenoDi8,Mono,50.0
69,Calamaro,Panko,SalviaRosmarino,MenoDi8,Mono,40.0
69,Calamaro,Nessuna,PrezzemoloBasilico,8-15,Famiglia,50.0
69,Gambero,Nessuna,Nessuna,MenoDi8,Famiglia,20.0
69,Calamaro,Panko,Nessuna,8-15,Mono,30.0
69,Gambero,Gratinato,SalviaRosmarino,PiùDi15,Mono,20.0
69,Salmone,Panko,SalviaRosmarino,8-15,Famiglia,30.0
69,Salmone,Gratinato,Nessuna,8-15,Doppia,80.0
69,Gambero,Nessuna,SalviaRosmarino,8-15,Doppia,80.0
69,Salmone,Nessuna,Nessuna,PiùDi15,Mono,20.0
69,Gambero,Gratinato,PrezzemoloBasilico,8-15,Mono,90.0
69,Salmone,Gratinato,SalviaRosmarino,MenoDi8,Famiglia,20.0
69,Calamaro,Gratinato,Nessuna,MenoDi8,Doppia,40.0
69,Calamaro,Gratinato,PrezzemoloBasilico,PiùDi15,Famiglia,20.0
69,Gambero,Panko,PrezzemoloBasilico,MenoDi8,Doppia,40.0
69,Salmone,Panko,PrezzemoloBasilico,PiùDi15,Doppia,100.0
70,Salmone,Panko,PrezzemoloBasilico,PiùDi15,Doppia,60.0
70,Gambero,Gratinato,PrezzemoloBasilico,8-15,Mono,10.0
70,Salmone,Nessuna,PrezzemoloBasilico,MenoDi8,Mono,80.0
70,Salmone,Nessuna,Nessuna,PiùDi15,Mono,70.0
70,Calamaro,Gratinato,PrezzemoloBasilico,PiùDi15,Famiglia,0.0
70,Gambero,Nessuna,Nessuna,MenoDi8,Famiglia,0.0
70,Salmone,Gratinato,Nessuna,8-15,Doppia,70.0
70,Salmone,Panko,SalviaRosmarino,8-15,Famiglia,60.0
70,Gambero,Panko,PrezzemoloBasilico,MenoDi8,Doppia,0.0
70,Calamaro,Nessuna,SalviaRosmarino,PiùDi15,Doppia,10.0
70,Calamaro,Nessuna,PrezzemoloBasilico,8-15,Famiglia,10.0
70,Gambero,Gratinato,SalviaRosmarino,PiùDi15,Mono,0.0
70,Calamaro,Gratinato,Nessuna,MenoDi8,Doppia,10.0
70,Salmone,Gratinato,SalviaRosmarino,MenoDi8,Famiglia,90.0
70,Calamaro,Panko,SalviaRosmarino,MenoDi8,Mono,0.0
70,Gambero,Nessuna,SalviaRosmarino,8-15,Doppia,10.0
70,Gambero,Panko,Nessuna,PiùDi15,Famiglia,10.0
70,Calamaro,Panko,Nessuna,8-15,Mono,0.0
71,Gambero,Panko,PrezzemoloBasilico,MenoDi8,Doppia,80.0
71,Calamaro,Gratinato,PrezzemoloBasilico,PiùDi15,Famiglia,40.0
71,Calamaro,Panko,Nessuna,8-15,Mono,50.0
71,Salmone,Gratinato,SalviaRosmarino,MenoDi8,Famiglia,40.0
71,Salmone,Panko,PrezzemoloBasilico,PiùDi15,Doppia,80.0
71,Calamaro,Nessuna,SalviaRosmarino,PiùDi15,Doppia,50.0
71,Calamaro,Panko,SalviaRosmarino,MenoDi8,Mono,60.0
71,Gambero,Gratinato,PrezzemoloBasilico,8-15,Mono,60.0
71,Salmone,Nessuna,Nessuna,PiùDi15,Mono,60.0
71,Salmone,Panko,SalviaRosmarino,8-15,Famiglia,50.0
71,Salmone,Gratinato,Nessuna,8-15,Doppia,50.0
71,Gambero,Panko,Nessuna,PiùDi15,Famiglia,60.0
71,Calamaro,Nessuna,PrezzemoloBasilico,8-15,Famiglia,40.0
71,Calamaro,Gratinato,Nessuna,MenoDi8,Doppia,50.0
71,Salmone,Nessuna,PrezzemoloBasilico,MenoDi8,Mono,80.0
71,Gambero,Gratinato,SalviaRosmarino,PiùDi15,Mono,80.0
71,Gambero,Nessuna,Nessuna,MenoDi8,Famiglia,60.0
71,Gambero,Nessuna,SalviaRosmarino,8-15,Doppia,80.0
72,Calamaro,Gratinato,Nessuna,MenoDi8,Doppia,70.0
72,Calamaro,Nessuna,PrezzemoloBasilico,8-15,Famiglia,60.0
72,Calamaro,Gratinato,PrezzemoloBasilico,PiùDi15,Famiglia,70.0
72,Gambero,Nessuna,Nessuna,MenoDi8,Famiglia,60.0
72,Salmone,Nessuna,Nessuna,PiùDi15,Mono,40.0
72,Calamaro,Nessuna,SalviaRosmarino,PiùDi15,Doppia,80.0
72,Salmone,Gratinato,SalviaRosmarino,MenoDi8,Famiglia,50.0
72,Gambero,Panko,PrezzemoloBasilico,MenoDi8,Doppia,60.0
72,Salmone,Panko,PrezzemoloBasilico,PiùDi15,Doppia,70.0
72,Gambero,Gratinato,SalviaRosmarino,PiùDi15,Mono,50.0
72,Gambero,Panko,Nessuna,PiùDi15,Famiglia,60.0
72,Salmone,Nessuna,PrezzemoloBasilico,MenoDi8,Mono,70.0
72,Gambero,Gratinato,PrezzemoloBasilico,8-15,Mono,70.0
72,Gambero,Nessuna,SalviaRosmarino,8-15,Doppia,50.0
72,Calamaro,Panko,SalviaRosmarino,MenoDi8,Mono,50.0
72,Calamaro,Panko,Nessuna,8-15,Mono,60.0
72,Salmone,Gratinato,Nessuna,8-15,Doppia,70.0
72,Salmone,Panko,SalviaRosmarino,8-15,Famiglia,50.0
74,Gambero,Panko,Nessuna,PiùDi15,Famiglia,10.0
74,Salmone,Nessuna,PrezzemoloBasilico,MenoDi8,Mono,40.0
74,Calamaro,Nessuna,PrezzemoloBasilico,8-15,Famiglia,20.0
74,Calamaro,Gratinato,Nessuna,MenoDi8,Doppia,20.0
74,Salmone,Gratinato,SalviaRosmarino,MenoDi8,Famiglia,40.0
74,Gambero,Gratinato,SalviaRosmarino,PiùDi15,Mono,30.0
74,Calamaro,Nessuna,SalviaRosmarino,PiùDi15,Doppia,20.0
74,Salmone,Nessuna,Nessuna,PiùDi15,Mono,10.0
74,Salmone,Gratinato,Nessuna,8-15,Doppia,30.0
74,Gambero,Panko,PrezzemoloBasilico,MenoDi8,Doppia,40.0
74,Calamaro,Gratinato,PrezzemoloBasilico,PiùDi15,Famiglia,20.0
74,Salmone,Panko,PrezzemoloBasilico,PiùDi15,Doppia,20.0
74,Calamaro,Panko,Nessuna,8-15,Mono,30.0
74,Gambero,Nessuna,Nessuna,MenoDi8,Famiglia,20.0
74,Gambero,Gratinato,PrezzemoloBasilico,8-15,Mono,30.0
74,Gambero,Nessuna,SalviaRosmarino,8-15,Doppia,10.0
74,Calamaro,Panko,SalviaRosmarino,MenoDi8,Mono,30.0
74,Salmone,Panko,SalviaRosmarino,8-15,Famiglia,30.0
75,Calamaro,Gratinato,PrezzemoloBasilico,PiùDi15,Famiglia,10.0
75,Calamaro,Panko,Nessuna,8-15,Mono,0.0
75,Gambero,Nessuna,Nessuna,MenoDi8,Famiglia,0.0
75,Salmone,Gratinato,Nessuna,8-15,Doppia,0.0
75,Gambero,Panko,PrezzemoloBasilico,MenoDi8,Doppia,20.0
75,Salmone,Panko,PrezzemoloBasilico,PiùDi15,Doppia,0.0
75,Gambero,Gratinato,SalviaRosmarino,PiùDi15,Mono,20.0
75,Salmone,Gratinato,SalviaRosmarino,MenoDi8,Famiglia,0.0
75,Salmone,Nessuna,Nessuna,PiùDi15,Mono,0.0
75,Salmone,Nessuna,PrezzemoloBasilico,MenoDi8,Mono,0.0
75,Gambero,Gratinato,PrezzemoloBasilico,8-15,Mono,10.0
75,Gambero,Nessuna,SalviaRosmarino,8-15,Doppia,10.0
75,Calamaro,Panko,SalviaRosmarino,MenoDi8,Mono,0.0
75,Calamaro,Nessuna,SalviaRosmarino,PiùDi15,Doppia,0.0
75,Calamaro,Gratinato,Nessuna,MenoDi8,Doppia,0.0
75,Calamaro,Nessuna,PrezzemoloBasilico,8-15,Famiglia,0.0
75,Gambero,Panko,Nessuna,PiùDi15,Famiglia,10.0
75,Salmone,Panko,SalviaRosmarino,8-15,Famiglia,0.0
78,Gambero,Gratinato,SalviaRosmarino,PiùDi15,Mono,0.0
78,Calamaro,Nessuna,PrezzemoloBasilico,8-15,Famiglia,0.0
78,Calamaro,Gratinato,PrezzemoloBasilico,PiùDi15,Famiglia,0.0
78,Gambero,Nessuna,Nessuna,MenoDi8,Famiglia,0.0
78,Salmone,Gratinato,SalviaRosmarino,MenoDi8,Famiglia,0.0
78,Gambero,Gratinato,PrezzemoloBasilico,8-15,Mono,0.0
78,Salmone,Nessuna,Nessuna,PiùDi15,Mono,0.0
78,Calamaro,Nessuna,SalviaRosmarino,PiùDi15,Doppia,0.0
78,Salmone,Gratinato,Nessuna,8-15,Doppia,0.0
78,Calamaro,Panko,SalviaRosmarino,MenoDi8,Mono,0.0
78,Calamaro,Panko,Nessuna,8-15,Mono,0.0
78,Salmone,Panko,SalviaRosmarino,8-15,Famiglia,0.0
78,Calamaro,Gratinato,Nessuna,MenoDi8,Doppia,0.0
78,Gambero,Nessuna,SalviaRosmarino,8-15,Doppia,0.0
78,Gambero,Panko,PrezzemoloBasilico,MenoDi8,Doppia,0.0
78,Salmone,Panko,PrezzemoloBasilico,PiùDi15,Doppia,0.0
78,Gambero,Panko,Nessuna,PiùDi15,Famiglia,0.0
78,Salmone,Nessuna,PrezzemoloBasilico,MenoDi8,Mono,0.0
79,Calamaro,Panko,SalviaRosmarino,MenoDi8,Mono,30.0
79,Calamaro,Nessuna,PrezzemoloBasilico,8-15,Famiglia,30.0
79,Calamaro,Panko,Nessuna,8-15,Mono,30.0
79,Salmone,Gratinato,Nessuna,8-15,Doppia,70.0
79,Calamaro,Gratinato,PrezzemoloBasilico,PiùDi15,Famiglia,60.0
79,Gambero,Gratinato,SalviaRosmarino,PiùDi15,Mono,40.0
79,Calamaro,Gratinato,Nessuna,MenoDi8,Doppia,50.0
79,Gambero,Panko,PrezzemoloBasilico,MenoDi8,Doppia,80.0
79,Salmone,Panko,PrezzemoloBasilico,PiùDi15,Doppia,70.0
79,Salmone,Nessuna,PrezzemoloBasilico,MenoDi8,Mono,50.0
79,Gambero,Panko,Nessuna,PiùDi15,Famiglia,90.0
79,Gambero,Nessuna,SalviaRosmarino,8-15,Doppia,30.0
79,Gambero,Nessuna,Nessuna,MenoDi8,Famiglia,90.0
79,Salmone,Gratinato,SalviaRosmarino,MenoDi8,Famiglia,70.0
79,Salmone,Nessuna,Nessuna,PiùDi15,Mono,40.0
79,Gambero,Gratinato,PrezzemoloBasilico,8-15,Mono,50.0
79,Salmone,Panko,SalviaRosmarino,8-15,Famiglia,90.0
79,Calamaro,Nessuna,SalviaRosmarino,PiùDi15,Doppia,20.0
81,Calamaro,Gratinato,Nessuna,MenoDi8,Doppia,40.0
81,Salmone,Nessuna,Nessuna,PiùDi15,Mono,40.0
81,Calamaro,Panko,SalviaRosmarino,MenoDi8,Mono,40.0
81,Salmone,Gratinato,Nessuna,8-15,Doppia,60.0
81,Gambero,Panko,PrezzemoloBasilico,MenoDi8,Doppia,30.0
81,Salmone,Panko,PrezzemoloBasilico,PiùDi15,Doppia,40.0
81,Gambero,Nessuna,SalviaRosmarino,8-15,Doppia,30.0
81,Salmone,Gratinato,SalviaRosmarino,MenoDi8,Famiglia,60.0
81,Gambero,Gratinato,PrezzemoloBasilico,8-15,Mono,50.0
81,Calamaro,Nessuna,SalviaRosmarino,PiùDi15,Doppia,40.0
81,Calamaro,Nessuna,PrezzemoloBasilico,8-15,Famiglia,20.0
81,Gambero,Nessuna,Nessuna,MenoDi8,Famiglia,30.0
81,Salmone,Nessuna,PrezzemoloBasilico,MenoDi8,Mono,40.0
81,Calamaro,Panko,Nessuna,8-15,Mono,50.0
81,Gambero,Panko,Nessuna,PiùDi15,Famiglia,30.0
81,Gambero,Gratinato,SalviaRosmarino,PiùDi15,Mono,60.0
81,Salmone,Panko,SalviaRosmarino,8-15,Famiglia,40.0
81,Calamaro,Gratinato,PrezzemoloBasilico,PiùDi15,Famiglia,60.0
83,Salmone,Panko,PrezzemoloBasilico,PiùDi15,Doppia,0.0
83,Salmone,Nessuna,PrezzemoloBasilico,MenoDi8,Mono,0.0
83,Gambero,Panko,Nessuna,PiùDi15,Famiglia,40.0
83,Gambero,Nessuna,SalviaRosmarino,8-15,Doppia,20.0
83,Calamaro,Panko,SalviaRosmarino,MenoDi8,Mono,30.0
83,Gambero,Panko,PrezzemoloBasilico,MenoDi8,Doppia,30.0
83,Calamaro,Nessuna,PrezzemoloBasilico,8-15,Famiglia,20.0
83,Gambero,Gratinato,SalviaRosmarino,PiùDi15,Mono,30.0
83,Salmone,Gratinato,Nessuna,8-15,Doppia,0.0
83,Calamaro,Gratinato,PrezzemoloBasilico,PiùDi15,Famiglia,20.0
83,Gambero,Nessuna,Nessuna,MenoDi8,Famiglia,0.0
83,Salmone,Gratinato,SalviaRosmarino,MenoDi8,Famiglia,0.0
83,Salmone,Nessuna,Nessuna,PiùDi15,Mono,0.0
83,Salmone,Panko,SalviaRosmarino,8-15,Famiglia,0.0
83,Calamaro,Gratinato,Nessuna,MenoDi8,Doppia,10.0
83,Gambero,Gratinato,PrezzemoloBasilico,8-15,Mono,30.0
83,Calamaro,Nessuna,SalviaRosmarino,PiùDi15,Doppia,20.0
83,Calamaro,Panko,Nessuna,8-15,Mono,0.0
84,Salmone,Panko,PrezzemoloBasilico,PiùDi15,Doppia,10.0
84,Salmone,Nessuna,Nessuna,PiùDi15,Mono,0.0
84,Salmone,Nessuna,PrezzemoloBasilico,MenoDi8,Mono,10.0
84,Salmone,Gratinato,SalviaRosmarino,MenoDi8,Famiglia,10.0
84,Calamaro,Gratinato,Nessuna,MenoDi8,Doppia,0.0
84,Salmone,Panko,SalviaRosmarino,8-15,Famiglia,0.0
84,Gambero,Nessuna,SalviaRosmarino,8-15,Doppia,10.0
84,Calamaro,Panko,SalviaRosmarino,MenoDi8,Mono,0.0
84,Gambero,Nessuna,Nessuna,MenoDi8,Famiglia,10.0
84,Gambero,Gratinato,SalviaRosmarino,PiùDi15,Mono,10.0
84,Calamaro,Nessuna,PrezzemoloBasilico,8-15,Famiglia,0.0
84,Calamaro,Panko,Nessuna,8-15,Mono,0.0
84,Gambero,Panko,PrezzemoloBasilico,MenoDi8,Doppia,10.0
84,Gambero,Gratinato,PrezzemoloBasilico,8-15,Mono,10.0
84,Salmone,Gratinato,Nessuna,8-15,Doppia,10.0
84,Gambero,Panko,Nessuna,PiùDi15,Famiglia,0.0
84,Calamaro,Nessuna,SalviaRosmarino,PiùDi15,Doppia,0.0
84,Calamaro,Gratinato,PrezzemoloBasilico,PiùDi15,Famiglia,0.0
86,Gambero,Nessuna,SalviaRosmarino,8-15,Doppia,60.0
86,Gambero,Gratinato,PrezzemoloBasilico,8-15,Mono,40.0
86,Calamaro,Panko,Nessuna,8-15,Mono,40.0
86,Salmone,Gratinato,SalviaRosmarino,MenoDi8,Famiglia,80.0
86,Salmone,Panko,PrezzemoloBasilico,PiùDi15,Doppia,80.0
86,Salmone,Nessuna,Nessuna,PiùDi15,Mono,80.0
86,Calamaro,Gratinato,PrezzemoloBasilico,PiùDi15,Famiglia,90.0
86,Salmone,Panko,SalviaRosmarino,8-15,Famiglia,60.0
86,Calamaro,Gratinato,Nessuna,MenoDi8,Doppia,70.0
86,Gambero,Panko,PrezzemoloBasilico,MenoDi8,Doppia,80.0
86,Gambero,Nessuna,Nessuna,MenoDi8,Famiglia,40.0
86,Salmone,Nessuna,PrezzemoloBasilico,MenoDi8,Mono,80.0
86,Gambero,Panko,Nessuna,PiùDi15,Famiglia,80.0
86,Calamaro,Nessuna,PrezzemoloBasilico,8-15,Famiglia,50.0
86,Salmone,Gratinato,Nessuna,8-15,Doppia,80.0
86,Calamaro,Panko,SalviaRosmarino,MenoDi8,Mono,50.0
86,Gambero,Gratinato,SalviaRosmarino,PiùDi15,Mono,40.0
86,Calamaro,Nessuna,SalviaRosmarino,PiùDi15,Doppia,50.0
87,Salmone,Panko,PrezzemoloBasilico,PiùDi15,Doppia,40.0
87,Salmone,Nessuna,Nessuna,PiùDi15,Mono,20.0
87,Salmone,Gratinato,Nessuna,8-15,Doppia,20.0
87,Gambero,Panko,PrezzemoloBasilico,MenoDi8,Doppia,20.0
87,Gambero,Gratinato,SalviaRosmarino,PiùDi15,Mono,40.0
87,Salmone,Gratinato,SalviaRosmarino,MenoDi8,Famiglia,20.0
87,Salmone,Panko,SalviaRosmarino,8-15,Famiglia,20.0
87,Salmone,Nessuna,PrezzemoloBasilico,MenoDi8,Mono,20.0
87,Gambero,Panko,Nessuna,PiùDi15,Famiglia,50.0
87,Calamaro,Nessuna,PrezzemoloBasilico,8-15,Famiglia,60.0
87,Gambero,Gratinato,PrezzemoloBasilico,8-15,Mono,40.0
87,Calamaro,Panko,SalviaRosmarino,MenoDi8,Mono,40.0
87,Calamaro,Gratinato,Nessuna,MenoDi8,Doppia,40.0
87,Gambero,Nessuna,Nessuna,MenoDi8,Famiglia,60.0
87,Calamaro,Nessuna,SalviaRosmarino,PiùDi15,Doppia,60.0
87,Calamaro,Panko,Nessuna,8-15,Mono,40.0
87,Calamaro,Gratinato,PrezzemoloBasilico,PiùDi15,Famiglia,50.0
87,Gambero,Nessuna,SalviaRosmarino,8-15,Doppia,50.0
88,Salmone,Gratinato,Nessuna,8-15,Doppia,20.0
88,Gambero,Nessuna,Nessuna,MenoDi8,Famiglia,30.0
88,Gambero,Gratinato,SalviaRosmarino,PiùDi15,Mono,20.0
88,Calamaro,Nessuna,SalviaRosmarino,PiùDi15,Doppia,30.0
88,Calamaro,Gratinato,PrezzemoloBasilico,PiùDi15,Famiglia,0.0
88,Calamaro,Gratinato,Nessuna,MenoDi8,Doppia,20.0
88,Calamaro,Panko,SalviaRosmarino,MenoDi8,Mono,20.0
88,Salmone,Panko,SalviaRosmarino,8-15,Famiglia,0.0
88,Gambero,Panko,PrezzemoloBasilico,MenoDi8,Doppia,0.0
88,Calamaro,Nessuna,PrezzemoloBasilico,8-15,Famiglia,30.0
88,Salmone,Nessuna,Nessuna,PiùDi15,Mono,20.0
88,Salmone,Panko,PrezzemoloBasilico,PiùDi15,Doppia,20.0
88,Gambero,Panko,Nessuna,PiùDi15,Famiglia,0.0
88,Gambero,Gratinato,PrezzemoloBasilico,8-15,Mono,20.0
88,Calamaro,Panko,Nessuna,8-15,Mono,20.0
88,Gambero,Nessuna,SalviaRosmarino,8-15,Doppia,20.0
88,Salmone,Gratinato,SalviaRosmarino,MenoDi8,Famiglia,0.0
88,Salmone,Nessuna,PrezzemoloBasilico,MenoDi8,Mono,20.0
89,Salmone,Panko,SalviaRosmarino,8-15,Famiglia,50.0
89,Gambero,Panko,PrezzemoloBasilico,MenoDi8,Doppia,0.0
89,Gambero,Panko,Nessuna,PiùDi15,Famiglia,100.0
89,Gambero,Nessuna,Nessuna,MenoDi8,Famiglia,100.0
89,Calamaro,Gratinato,PrezzemoloBasilico,PiùDi15,Famiglia,80.0
89,Salmone,Panko,PrezzemoloBasilico,PiùDi15,Doppia,50.0
89,Salmone,Gratinato,Nessuna,8-15,Doppia,70.0
89,Calamaro,Panko,Nessuna,8-15,Mono,0.0
89,Salmone,Gratinato,SalviaRosmarino,MenoDi8,Famiglia,70.0
89,Salmone,Nessuna,Nessuna,PiùDi15,Mono,50.0
89,Gambero,Gratinato,SalviaRosmarino,PiùDi15,Mono,0.0
89,Calamaro,Panko,SalviaRosmarino,MenoDi8,Mono,70.0
89,Gambero,Gratinato,PrezzemoloBasilico,8-15,Mono,0.0
89,Salmone,Nessuna,PrezzemoloBasilico,MenoDi8,Mono,0.0
89,Gambero,Nessuna,SalviaRosmarino,8-15,Doppia,0.0
89,Calamaro,Nessuna,PrezzemoloBasilico,8-15,Famiglia,70.0
89,Calamaro,Gratinato,Nessuna,MenoDi8,Doppia,60.0
89,Calamaro,Nessuna,SalviaRosmarino,PiùDi15,Doppia,0.0
91,Salmone,Panko,SalviaRosmarino,8-15,Famiglia,0.0
91,Gambero,Gratinato,SalviaRosmarino,PiùDi15,Mono,0.0
91,Salmone,Nessuna,PrezzemoloBasilico,MenoDi8,Mono,90.0
91,Gambero,Panko,Nessuna,PiùDi15,Famiglia,0.0
91,Calamaro,Gratinato,Nessuna,MenoDi8,Doppia,0.0
91,Calamaro,Panko,Nessuna,8-15,Mono,0.0
91,Calamaro,Nessuna,PrezzemoloBasilico,8-15,Famiglia,20.0
91,Calamaro,Gratinato,PrezzemoloBasilico,PiùDi15,Famiglia,0.0
91,Salmone,Nessuna,Nessuna,PiùDi15,Mono,70.0
91,Salmone,Panko,PrezzemoloBasilico,PiùDi15,Doppia,0.0
91,Gambero,Nessuna,SalviaRosmarino,8-15,Doppia,80.0
91,Calamaro,Panko,SalviaRosmarino,MenoDi8,Mono,0.0
91,Gambero,Gratinato,PrezzemoloBasilico,8-15,Mono,0.0
91,Salmone,Gratinato,SalviaRosmarino,MenoDi8,Famiglia,0.0
91,Gambero,Panko,PrezzemoloBasilico,MenoDi8,Doppia,0.0
91,Gambero,Nessuna,Nessuna,MenoDi8,Famiglia,20.0
91,Calamaro,Nessuna,SalviaRosmarino,PiùDi15,Doppia,70.0
91,Salmone,Gratinato,Nessuna,8-15,Doppia,0.0
92,Gambero,Nessuna,SalviaRosmarino,8-15,Doppia,70.0
92,Gambero,Gratinato,SalviaRosmarino,PiùDi15,Mono,70.0
92,Calamaro,Gratinato,Nessuna,MenoDi8,Doppia,60.0
92,Salmone,Nessuna,PrezzemoloBasilico,MenoDi8,Mono,20.0
92,Calamaro,Nessuna,PrezzemoloBasilico,8-15,Famiglia,70.0
92,Gambero,Panko,PrezzemoloBasilico,MenoDi8,Doppia,70.0
92,Calamaro,Panko,SalviaRosmarino,MenoDi8,Mono,70.0
92,Calamaro,Panko,Nessuna,8-15,Mono,40.0
92,Salmone,Gratinato,SalviaRosmarino,MenoDi8,Famiglia,80.0
92,Calamaro,Gratinato,PrezzemoloBasilico,PiùDi15,Famiglia,60.0
92,Salmone,Panko,PrezzemoloBasilico,PiùDi15,Doppia,60.0
92,Gambero,Panko,Nessuna,PiùDi15,Famiglia,80.0
92,Salmone,Gratinato,Nessuna,8-15,Doppia,70.0
92,Gambero,Gratinato,PrezzemoloBasilico,8-15,Mono,50.0
92,Salmone,Nessuna,Nessuna,PiùDi15,Mono,60.0
92,Gambero,Nessuna,Nessuna,MenoDi8,Famiglia,60.0
92,Salmone,Panko,SalviaRosmarino,8-15,Famiglia,40.0
92,Calamaro,Nessuna,SalviaRosmarino,PiùDi15,Doppia,60.0
93,Gambero,Panko,Nessuna,PiùDi15,Famiglia,20.0
93,Calamaro,Nessuna,PrezzemoloBasilico,8-15,Famiglia,20.0
93,Salmone,Nessuna,Nessuna,PiùDi15,Mono,20.0
93,Gambero,Gratinato,SalviaRosmarino,PiùDi15,Mono,20.0
93,Salmone,Gratinato,SalviaRosmarino,MenoDi8,Famiglia,20.0
93,Gambero,Gratinato,PrezzemoloBasilico,8-15,Mono,20.0
93,Calamaro,Panko,Nessuna,8-15,Mono,20.0
93,Calamaro,Gratinato,PrezzemoloBasilico,PiùDi15,Famiglia,20.0
93,Salmone,Panko,PrezzemoloBasilico,PiùDi15,Doppia,20.0
93,Calamaro,Panko,SalviaRosmarino,MenoDi8,Mono,20.0
93,Calamaro,Nessuna,SalviaRosmarino,PiùDi15,Doppia,30.0
93,Salmone,Panko,SalviaRosmarino,8-15,Famiglia,10.0
93,Gambero,Panko,PrezzemoloBasilico,MenoDi8,Doppia,20.0
93,Salmone,Nessuna,PrezzemoloBasilico,MenoDi8,Mono,30.0
93,Salmone,Gratinato,Nessuna,8-15,Doppia,20.0
93,Gambero,Nessuna,SalviaRosmarino,8-15,Doppia,40.0
93,Calamaro,Gratinato,Nessuna,MenoDi8,Doppia,20.0
93,Gambero,Nessuna,Nessuna,MenoDi8,Famiglia,30.0
94,Salmone,Panko,PrezzemoloBasilico,PiùDi15,Doppia,0.0
94,Salmone,Gratinato,Nessuna,8-15,Doppia,0.0
94,Gambero,Panko,Nessuna,PiùDi15,Famiglia,0.0
94,Gambero,Nessuna,Nessuna,MenoDi8,Famiglia,50.0
94,Salmone,Gratinato,SalviaRosmarino,MenoDi8,Famiglia,0.0
94,Gambero,Gratinato,PrezzemoloBasilico,8-15,Mono,60.0
94,Salmone,Panko,SalviaRosmarino,8-15,Famiglia,0.0
94,Calamaro,Nessuna,SalviaRosmarino,PiùDi15,Doppia,70.0
94,Calamaro,Gratinato,Nessuna,MenoDi8,Doppia,60.0
94,Calamaro,Nessuna,PrezzemoloBasilico,8-15,Famiglia,70.0
94,Gambero,Panko,PrezzemoloBasilico,MenoDi8,Doppia,0.0
94,Salmone,Nessuna,PrezzemoloBasilico,MenoDi8,Mono,0.0
94,Salmone,Nessuna,Nessuna,PiùDi15,Mono,0.0
94,Gambero,Nessuna,SalviaRosmarino,8-15,Doppia,50.0
94,Gambero,Gratinato,SalviaRosmarino,PiùDi15,Mono,60.0
94,Calamaro,Gratinato,PrezzemoloBasilico,PiùDi15,Famiglia,10.0
94,Calamaro,Panko,SalviaRosmarino,MenoDi8,Mono,20.0
94,Calamaro,Panko,Nessuna,8-15,Mono,10.0
95,Salmone,Nessuna,Nessuna,PiùDi15,Mono,20.0
95,Gambero,Gratinato,SalviaRosmarino,PiùDi15,Mono,20.0
95,Calamaro,Nessuna,PrezzemoloBasilico,8-15,Famiglia,100.0
95,Calamaro,Gratinato,Nessuna,MenoDi8,Doppia,20.0
95,Calamaro,Nessuna,SalviaRosmarino,PiùDi15,Doppia,60.0
95,Gambero,Panko,PrezzemoloBasilico,MenoDi8,Doppia,10.0
95,Salmone,Nessuna,PrezzemoloBasilico,MenoDi8,Mono,20.0
95,Gambero,Panko,Nessuna,PiùDi15,Famiglia,10.0
95,Salmone,Panko,SalviaRosmarino,8-15,Famiglia,10.0
95,Gambero,Nessuna,SalviaRosmarino,8-15,Doppia,90.0
95,Salmone,Panko,PrezzemoloBasilico,PiùDi15,Doppia,20.0
95,Calamaro,Panko,SalviaRosmarino,MenoDi8,Mono,20.0
95,Salmone,Gratinato,Nessuna,8-15,Doppia,20.0
95,Calamaro,Panko,Nessuna,8-15,Mono,20.0
95,Salmone,Gratinato,SalviaRosmarino,MenoDi8,Famiglia,20.0
95,Gambero,Gratinato,PrezzemoloBasilico,8-15,Mono,20.0
95,Gambero,Nessuna,Nessuna,MenoDi8,Famiglia,70.0
95,Calamaro,Gratinato,PrezzemoloBasilico,PiùDi15,Famiglia,60.0
96,Salmone,Nessuna,Nessuna,PiùDi15,Mono,0.0
96,Salmone,Panko,PrezzemoloBasilico,PiùDi15,Doppia,30.0
96,Calamaro,Nessuna,PrezzemoloBasilico,8-15,Famiglia,0.0
96,Calamaro,Gratinato,Nessuna,MenoDi8,Doppia,0.0
96,Salmone,Gratinato,SalviaRosmarino,MenoDi8,Famiglia,10.0
96,Calamaro,Nessuna,SalviaRosmarino,PiùDi15,Doppia,0.0
96,Gambero,Gratinato,PrezzemoloBasilico,8-15,Mono,0.0
96,Gambero,Panko,PrezzemoloBasilico,MenoDi8,Doppia,0.0
96,Salmone,Nessuna,PrezzemoloBasilico,MenoDi8,Mono,20.0
96,Calamaro,Panko,SalviaRosmarino,MenoDi8,Mono,0.0
96,Gambero,Panko,Nessuna,PiùDi15,Famiglia,0.0
96,Gambero,Nessuna,Nessuna,MenoDi8,Famiglia,0.0
96,Salmone,Panko,SalviaRosmarino,8-15,Famiglia,10.0
96,Salmone,Gratinato,Nessuna,8-15,Doppia,10.0
96,Gambero,Gratinato,SalviaRosmarino,PiùDi15,Mono,0.0
96,Calamaro,Gratinato,PrezzemoloBasilico,PiùDi15,Famiglia,0.0
96,Calamaro,Panko,Nessuna,8-15,Mono,0.0
96,Gambero,Nessuna,SalviaRosmarino,8-15,Doppia,0.0
100,Salmone,Gratinato,SalviaRosmarino,MenoDi8,Famiglia,50.0
100,Salmone,Gratinato,Nessuna,8-15,Doppia,90.0
100,Calamaro,Gratinato,Nessuna,MenoDi8,Doppia,90.0
100,Calamaro,Gratinato,PrezzemoloBasilico,PiùDi15,Famiglia,90.0
100,Gambero,Nessuna,SalviaRosmarino,8-15,Doppia,90.0
100,Gambero,Gratinato,SalviaRosmarino,PiùDi15,Mono,90.0
100,Gambero,Panko,Nessuna,PiùDi15,Famiglia,100.0
100,Calamaro,Nessuna,PrezzemoloBasilico,8-15,Famiglia,40.0
100,Calamaro,Panko,Nessuna,8-15,Mono,80.0
100,Salmone,Nessuna,Nessuna,PiùDi15,Mono,90.0
100,Calamaro,Panko,SalviaRosmarino,MenoDi8,Mono,90.0
100,Salmone,Panko,PrezzemoloBasilico,PiùDi15,Doppia,80.0
100,Gambero,Panko,PrezzemoloBasilico,MenoDi8,Doppia,80.0
100,Gambero,Gratinato,PrezzemoloBasilico,8-15,Mono,100.0
100,Calamaro,Nessuna,SalviaRosmarino,PiùDi15,Doppia,60.0
100,Gambero,Nessuna,Nessuna,MenoDi8,Famiglia,40.0
100,Salmone,Panko,SalviaRosmarino,8-15,Famiglia,80.0
100,Salmone,Nessuna,PrezzemoloBasilico,MenoDi8,Mono,80.0
101,Salmone,Gratinato,SalviaRosmarino,MenoDi8,Famiglia,0.0
101,Gambero,Panko,PrezzemoloBasilico,MenoDi8,Doppia,0.0
101,Salmone,Nessuna,Nessuna,PiùDi15,Mono,80.0
101,Calamaro,Panko,Nessuna,8-15,Mono,0.0
101,Gambero,Gratinato,PrezzemoloBasilico,8-15,Mono,0.0
101,Salmone,Nessuna,PrezzemoloBasilico,MenoDi8,Mono,0.0
101,Calamaro,Gratinato,PrezzemoloBasilico,PiùDi15,Famiglia,0.0
101,Calamaro,Panko,SalviaRosmarino,MenoDi8,Mono,0.0
101,Gambero,Panko,Nessuna,PiùDi15,Famiglia,0.0
101,Salmone,Gratinato,Nessuna,8-15,Doppia,0.0
101,Gambero,Nessuna,Nessuna,MenoDi8,Famiglia,80.0
101,Calamaro,Gratinato,Nessuna,MenoDi8,Doppia,0.0
101,Calamaro,Nessuna,SalviaRosmarino,PiùDi15,Doppia,0.0
101,Gambero,Gratinato,SalviaRosmarino,PiùDi15,Mono,0.0
101,Calamaro,Nessuna,PrezzemoloBasilico,8-15,Famiglia,0.0
101,Salmone,Panko,SalviaRosmarino,8-15,Famiglia,0.0
101,Gambero,Nessuna,SalviaRosmarino,8-15,Doppia,0.0
101,Salmone,Panko,PrezzemoloBasilico,PiùDi15,Doppia,0.0
104,Salmone,Nessuna,PrezzemoloBasilico,MenoDi8,Mono,0.0
104,Salmone,Panko,SalviaRosmarino,8-15,Famiglia,0.0
104,Calamaro,Gratinato,PrezzemoloBasilico,PiùDi15,Famiglia,0.0
104,Calamaro,Gratinato,Nessuna,MenoDi8,Doppia,0.0
104,Salmone,Gratinato,Nessuna,8-15,Doppia,0.0
104,Calamaro,Panko,Nessuna,8-15,Mono,0.0
104,Calamaro,Nessuna,PrezzemoloBasilico,8-15,Famiglia,0.0
104,Calamaro,Nessuna,SalviaRosmarino,PiùDi15,Doppia,0.0
104,Gambero,Panko,Nessuna,PiùDi15,Famiglia,0.0
104,Calamaro,Panko,SalviaRosmarino,MenoDi8,Mono,0.0
104,Salmone,Panko,PrezzemoloBasilico,PiùDi15,Doppia,0.0
104,Gambero,Panko,PrezzemoloBasilico,MenoDi8,Doppia,0.0
104,Salmone,Nessuna,Nessuna,PiùDi15,Mono,0.0
104,Gambero,Gratinato,PrezzemoloBasilico,8-15,Mono,0.0
104,Salmone,Gratinato,SalviaRosmarino,MenoDi8,Famiglia,0.0
104,Gambero,Gratinato,SalviaRosmarino,PiùDi15,Mono,0.0
104,Gambero,Nessuna,SalviaRosmarino,8-15,Doppia,0.0
104,Gambero,Nessuna,Nessuna,MenoDi8,Famiglia,0.0
106,Salmone,Nessuna,PrezzemoloBasilico,MenoDi8,Mono,70.0
106,Gambero,Panko,Nessuna,PiùDi15,Famiglia,70.0
106,Calamaro,Nessuna,PrezzemoloBasilico,8-15,Famiglia,60.0
106,Calamaro,Gratinato,Nessuna,MenoDi8,Doppia,60.0
106,Salmone,Nessuna,Nessuna,PiùDi15,Mono,50.0
106,Calamaro,Nessuna,SalviaRosmarino,PiùDi15,Doppia,70.0
106,Calamaro,Panko,Nessuna,8-15,Mono,50.0
106,Gambero,Gratinato,PrezzemoloBasilico,8-15,Mono,70.0
106,Gambero,Gratinato,SalviaRosmarino,PiùDi15,Mono,70.0
106,Gambero,Nessuna,SalviaRosmarino,8-15,Doppia,70.0
106,Salmone,Panko,SalviaRosmarino,8-15,Famiglia,60.0
106,Salmone,Panko,PrezzemoloBasilico,PiùDi15,Doppia,70.0
106,Salmone,Gratinato,Nessuna,8-15,Doppia,60.0
106,Calamaro,Gratinato,PrezzemoloBasilico,PiùDi15,Famiglia,60.0
106,Gambero,Nessuna,Nessuna,MenoDi8,Famiglia,60.0
106,Calamaro,Panko,SalviaRosmarino,MenoDi8,Mono,70.0
106,Salmone,Gratinato,SalviaRosmarino,MenoDi8,Famiglia,60.0
106,Gambero,Panko,PrezzemoloBasilico,MenoDi8,Doppia,60.0
107,Calamaro,Nessuna,SalviaRosmarino,PiùDi15,Doppia,70.0
107,Gambero,Panko,PrezzemoloBasilico,MenoDi8,Doppia,70.0
107,Calamaro,Gratinato,Nessuna,MenoDi8,Doppia,30.0
107,Salmone,Gratinato,Nessuna,8-15,Doppia,50.0
107,Calamaro,Panko,SalviaRosmarino,MenoDi8,Mono,60.0
107,Gambero,Nessuna,SalviaRosmarino,8-15,Doppia,90.0
107,Gambero,Gratinato,SalviaRosmarino,PiùDi15,Mono,70.0
107,Calamaro,Gratinato,PrezzemoloBasilico,PiùDi15,Famiglia,50.0
107,Salmone,Panko,PrezzemoloBasilico,PiùDi15,Doppia,50.0
107,Calamaro,Panko,Nessuna,8-15,Mono,20.0
107,Gambero,Panko,Nessuna,PiùDi15,Famiglia,90.0
107,Salmone,Panko,SalviaRosmarino,8-15,Famiglia,50.0
107,Salmone,Nessuna,Nessuna,PiùDi15,Mono,40.0
107,Calamaro,Nessuna,PrezzemoloBasilico,8-15,Famiglia,60.0
107,Gambero,Gratinato,PrezzemoloBasilico,8-15,Mono,80.0
107,Salmone,Nessuna,PrezzemoloBasilico,MenoDi8,Mono,30.0
107,Gambero,Nessuna,Nessuna,MenoDi8,Famiglia,80.0
107,Salmone,Gratinato,SalviaRosmarino,MenoDi8,Famiglia,20.0
108,Salmone,Panko,PrezzemoloBasilico,PiùDi15,Doppia,20.0
108,Calamaro,Nessuna,PrezzemoloBasilico,8-15,Famiglia,80.0
108,Gambero,Nessuna,Nessuna,MenoDi8,Famiglia,80.0
108,Gambero,Gratinato,SalviaRosmarino,PiùDi15,Mono,50.0
108,Calamaro,Gratinato,PrezzemoloBasilico,PiùDi15,Famiglia,60.0
108,Calamaro,Gratinato,Nessuna,MenoDi8,Doppia,60.0
108,Gambero,Panko,Nessuna,PiùDi15,Famiglia,30.0
108,Salmone,Gratinato,Nessuna,8-15,Doppia,60.0
108,Calamaro,Panko,Nessuna,8-15,Mono,20.0
108,Gambero,Panko,PrezzemoloBasilico,MenoDi8,Doppia,30.0
108,Salmone,Nessuna,PrezzemoloBasilico,MenoDi8,Mono,50.0
108,Salmone,Gratinato,SalviaRosmarino,MenoDi8,Famiglia,60.0
108,Calamaro,Panko,SalviaRosmarino,MenoDi8,Mono,20.0
108,Gambero,Gratinato,PrezzemoloBasilico,8-15,Mono,60.0
108,Calamaro,Nessuna,SalviaRosmarino,PiùDi15,Doppia,60.0
108,Salmone,Nessuna,Nessuna,PiùDi15,Mono,50.0
108,Salmone,Panko,SalviaRosmarino,8-15,Famiglia,20.0
108,Gambero,Nessuna,SalviaRosmarino,8-15,Doppia,50.0
109,Gambero,Nessuna,SalviaRosmarino,8-15,Doppia,90.0
109,Calamaro,Panko,SalviaRosmarino,MenoDi8,Mono,60.0
109,Gambero,Panko,PrezzemoloBasilico,MenoDi8,Doppia,100.0
109,Salmone,Gratinato,SalviaRosmarino,MenoDi8,Famiglia,90.0
109,Salmone,Gratinato,Nessuna,8-15,Doppia,90.0
109,Calamaro,Gratinato,PrezzemoloBasilico,PiùDi15,Famiglia,90.0
109,Gambero,Nessuna,Nessuna,MenoDi8,Famiglia,80.0
109,Calamaro,Nessuna,PrezzemoloBasilico,8-15,Famiglia,50.0
109,Salmone,Nessuna,PrezzemoloBasilico,MenoDi8,Mono,90.0
109,Salmone,Panko,SalviaRosmarino,8-15,Famiglia,80.0
109,Calamaro,Nessuna,SalviaRosmarino,PiùDi15,Doppia,60.0
109,Calamaro,Panko,Nessuna,8-15,Mono,70.0
109,Gambero,Panko,Nessuna,PiùDi15,Famiglia,90.0
109,Gambero,Gratinato,PrezzemoloBasilico,8-15,Mono,70.0
109,Salmone,Panko,PrezzemoloBasilico,PiùDi15,Doppia,70.0
109,Gambero,Gratinato,SalviaRosmarino,PiùDi15,Mono,80.0
109,Salmone,Nessuna,Nessuna,PiùDi15,Mono,70.0
109,Calamaro,Gratinato,Nessuna,MenoDi8,Doppia,80.0
110,Calamaro,Nessuna,SalviaRosmarino,PiùDi15,Doppia,0.0
110,Salmone,Gratinato,Nessuna,8-15,Doppia,0.0
110,Gambero,Panko,PrezzemoloBasilico,MenoDi8,Doppia,80.0
110,Gambero,Panko,Nessuna,PiùDi15,Famiglia,80.0
110,Salmone,Nessuna,PrezzemoloBasilico,MenoDi8,Mono,0.0
110,Gambero,Nessuna,Nessuna,MenoDi8,Famiglia,80.0
110,Salmone,Panko,SalviaRosmarino,8-15,Famiglia,20.0
110,Calamaro,Nessuna,PrezzemoloBasilico,8-15,Famiglia,0.0
110,Salmone,Panko,PrezzemoloBasilico,PiùDi15,Doppia,10.0
110,Gambero,Gratinato,SalviaRosmarino,PiùDi15,Mono,70.0
110,Gambero,Nessuna,SalviaRosmarino,8-15,Doppia,40.0
110,Calamaro,Panko,SalviaRosmarino,MenoDi8,Mono,0.0
110,Calamaro,Gratinato,Nessuna,MenoDi8,Doppia,0.0
110,Calamaro,Panko,Nessuna,8-15,Mono,0.0
110,Calamaro,Gratinato,PrezzemoloBasilico,PiùDi15,Famiglia,0.0
110,Gambero,Gratinato,PrezzemoloBasilico,8-15,Mono,70.0
110,Salmone,Gratinato,SalviaRosmarino,MenoDi8,Famiglia,0.0
110,Salmone,Nessuna,Nessuna,PiùDi15,Mono,0.0
112,Salmone,Gratinato,SalviaRosmarino,MenoDi8,Famiglia,40.0
112,Salmone,Panko,SalviaRosmarino,8-15,Famiglia,60.0
112,Gambero,Nessuna,SalviaRosmarino,8-15,Doppia,50.0
112,Gambero,Panko,Nessuna,PiùDi15,Famiglia,100.0
112,Gambero,Nessuna,Nessuna,MenoDi8,Famiglia,50.0
112,Gambero,Gratinato,SalviaRosmarino,PiùDi15,Mono,100.0
112,Gambero,Panko,PrezzemoloBasilico,MenoDi8,Doppia,90.0
112,Gambero,Gratinato,PrezzemoloBasilico,8-15,Mono,100.0
112,Calamaro,Gratinato,Nessuna,MenoDi8,Doppia,60.0
112,Calamaro,Nessuna,SalviaRosmarino,PiùDi15,Doppia,70.0
112,Calamaro,Panko,Nessuna,8-15,Mono,20.0
112,Salmone,Nessuna,Nessuna,PiùDi15,Mono,80.0
112,Calamaro,Nessuna,PrezzemoloBasilico,8-15,Famiglia,30.0
112,Salmone,Gratinato,Nessuna,8-15,Doppia,60.0
112,Salmone,Panko,PrezzemoloBasilico,PiùDi15,Doppia,70.0
112,Salmone,Nessuna,PrezzemoloBasilico,MenoDi8,Mono,60.0
112,Calamaro,Panko,SalviaRosmarino,MenoDi8,Mono,40.0
112,Calamaro,Gratinato,PrezzemoloBasilico,PiùDi15,Famiglia,60.0
113,Gambero,Nessuna,SalviaRosmarino,8-15,Doppia,70.0
113,Calamaro,Nessuna,PrezzemoloBasilico,8-15,Famiglia,70.0
113,Calamaro,Gratinato,Nessuna,MenoDi8,Doppia,70.0
113,Gambero,Panko,PrezzemoloBasilico,MenoDi8,Doppia,70.0
113,Salmone,Nessuna,Nessuna,PiùDi15,Mono,60.0
113,Salmone,Nessuna,PrezzemoloBasilico,MenoDi8,Mono,70.0
113,Gambero,Nessuna,Nessuna,MenoDi8,Famiglia,60.0
113,Calamaro,Nessuna,SalviaRosmarino,PiùDi15,Doppia,70.0
113,Salmone,Panko,SalviaRosmarino,8-15,Famiglia,70.0
113,Gambero,Panko,Nessuna,PiùDi15,Famiglia,70.0
113,Salmone,Gratinato,Nessuna,8-15,Doppia,70.0
113,Gambero,Gratinato,PrezzemoloBasilico,8-15,Mono,70.0
113,Salmone,Gratinato,SalviaRosmarino,MenoDi8,Famiglia,70.0
113,Calamaro,Gratinato,PrezzemoloBasilico,PiùDi15,Famiglia,70.0
113,Salmone,Panko,PrezzemoloBasilico,PiùDi15,Doppia,70.0
113,Calamaro,Panko,Nessuna,8-15,Mono,70.0
113,Gambero,Gratinato,SalviaRosmarino,PiùDi15,Mono,70.0
113,Calamaro,Panko,SalviaRosmarino,MenoDi8,Mono,70.0
114,Salmone,Panko,SalviaRosmarino,8-15,Famiglia,70.0
114,Calamaro,Nessuna,PrezzemoloBasilico,8-15,Famiglia,50.0
114,Gambero,Gratinato,SalviaRosmarino,PiùDi15,Mono,50.0
114,Salmone,Panko,PrezzemoloBasilico,PiùDi15,Doppia,50.0
114,Calamaro,Gratinato,PrezzemoloBasilico,PiùDi15,Famiglia,50.0
114,Salmone,Gratinato,Nessuna,8-15,Doppia,50.0
114,Salmone,Nessuna,Nessuna,PiùDi15,Mono,50.0
114,Calamaro,Panko,Nessuna,8-15,Mono,50.0
114,Gambero,Nessuna,Nessuna,MenoDi8,Famiglia,40.0
114,Salmone,Nessuna,PrezzemoloBasilico,MenoDi8,Mono,50.0
114,Gambero,Nessuna,SalviaRosmarino,8-15,Doppia,70.0
114,Salmone,Gratinato,SalviaRosmarino,MenoDi8,Famiglia,50.0
114,Gambero,Gratinato,PrezzemoloBasilico,8-15,Mono,80.0
114,Calamaro,Panko,SalviaRosmarino,MenoDi8,Mono,50.0
114,Calamaro,Nessuna,SalviaRosmarino,PiùDi15,Doppia,70.0
114,Calamaro,Gratinato,Nessuna,MenoDi8,Doppia,50.0
114,Gambero,Panko,PrezzemoloBasilico,MenoDi8,Doppia,70.0
114,Gambero,Panko,Nessuna,PiùDi15,Famiglia,80.0
115,Gambero,Nessuna,Nessuna,MenoDi8,Famiglia,10.0
115,Gambero,Gratinato,SalviaRosmarino,PiùDi15,Mono,50.0
115,Calamaro,Gratinato,PrezzemoloBasilico,PiùDi15,Famiglia,70.0
115,Calamaro,Nessuna,PrezzemoloBasilico,8-15,Famiglia,40.0
115,Gambero,Panko,PrezzemoloBasilico,MenoDi8,Doppia,60.0
115,Salmone,Panko,PrezzemoloBasilico,PiùDi15,Doppia,90.0
115,Calamaro,Panko,Nessuna,8-15,Mono,60.0
115,Gambero,Panko,Nessuna,PiùDi15,Famiglia,60.0
115,Salmone,Panko,SalviaRosmarino,8-15,Famiglia,80.0
115,Gambero,Nessuna,SalviaRosmarino,8-15,Doppia,30.0
115,Salmone,Gratinato,Nessuna,8-15,Doppia,70.0
115,Calamaro,Panko,SalviaRosmarino,MenoDi8,Mono,60.0
115,Salmone,Gratinato,SalviaRosmarino,MenoDi8,Famiglia,60.0
115,Gambero,Gratinato,PrezzemoloBasilico,8-15,Mono,50.0
115,Calamaro,Gratinato,Nessuna,MenoDi8,Doppia,60.0
115,Calamaro,Nessuna,SalviaRosmarino,PiùDi15,Doppia,40.0
115,Salmone,Nessuna,Nessuna,PiùDi15,Mono,60.0
115,Salmone,Nessuna,PrezzemoloBasilico,MenoDi8,Mono,50.0
116,Salmone,Nessuna,PrezzemoloBasilico,MenoDi8,Mono,80.0
116,Salmone,Nessuna,Nessuna,PiùDi15,Mono,70.0
116,Salmone,Panko,PrezzemoloBasilico,PiùDi15,Doppia,80.0
116,Calamaro,Panko,Nessuna,8-15,Mono,40.0
116,Calamaro,Gratinato,Nessuna,MenoDi8,Doppia,40.0
116,Calamaro,Nessuna,SalviaRosmarino,PiùDi15,Doppia,40.0
116,Gambero,Panko,Nessuna,PiùDi15,Famiglia,80.0
116,Gambero,Gratinato,PrezzemoloBasilico,8-15,Mono,80.0
116,Salmone,Gratinato,Nessuna,8-15,Doppia,80.0
116,Gambero,Nessuna,SalviaRosmarino,8-15,Doppia,70.0
116,Gambero,Panko,PrezzemoloBasilico,MenoDi8,Doppia,80.0
116,Gambero,Gratinato,SalviaRosmarino,PiùDi15,Mono,80.0
116,Salmone,Gratinato,SalviaRosmarino,MenoDi8,Famiglia,80.0
116,Calamaro,Gratinato,PrezzemoloBasilico,PiùDi15,Famiglia,40.0
116,Gambero,Nessuna,Nessuna,MenoDi8,Famiglia,70.0
116,Calamaro,Nessuna,PrezzemoloBasilico,8-15,Famiglia,40.0
116,Salmone,Panko,SalviaRosmarino,8-15,Famiglia,80.0
116,Calamaro,Panko,SalviaRosmarino,MenoDi8,Mono,40.0
117,Gambero,Nessuna,Nessuna,MenoDi8,Famiglia,0.0
117,Calamaro,Panko,Nessuna,8-15,Mono,0.0
117,Calamaro,Panko,SalviaRosmarino,MenoDi8,Mono,0.0
117,Gambero,Nessuna,SalviaRosmarino,8-15,Doppia,0.0
117,Salmone,Nessuna,PrezzemoloBasilico,MenoDi8,Mono,0.0
117,Gambero,Panko,PrezzemoloBasilico,MenoDi8,Doppia,0.0
117,Calamaro,Nessuna,SalviaRosmarino,PiùDi15,Doppia,0.0
117,Gambero,Gratinato,PrezzemoloBasilico,8-15,Mono,0.0
117,Salmone,Gratinato,SalviaRosmarino,MenoDi8,Famiglia,0.0
117,Salmone,Nessuna,Nessuna,PiùDi15,Mono,0.0
117,Calamaro,Nessuna,PrezzemoloBasilico,8-15,Famiglia,0.0
117,Calamaro,Gratinato,Nessuna,MenoDi8,Doppia,0.0
117,Gambero,Panko,Nessuna,PiùDi15,Famiglia,0.0
117,Gambero,Gratinato,SalviaRosmarino,PiùDi15,Mono,0.0
117,Calamaro,Gratinato,PrezzemoloBasilico,PiùDi15,Famiglia,0.0
117,Salmone,Panko,PrezzemoloBasilico,PiùDi15,Doppia,0.0
117,Salmone,Panko,SalviaRosmarino,8-15,Famiglia,0.0
117,Salmone,Gratinato,Nessuna,8-15,Doppia,0.0
118,Salmone,Gratinato,SalviaRosmarino,MenoDi8,Famiglia,90.0
118,Calamaro,Panko,Nessuna,8-15,Mono,70.0
118,Salmone,Panko,SalviaRosmarino,8-15,Famiglia,90.0
118,Calamaro,Nessuna,PrezzemoloBasilico,8-15,Famiglia,80.0
118,Gambero,Gratinato,SalviaRosmarino,PiùDi15,Mono,80.0
118,Salmone,Nessuna,PrezzemoloBasilico,MenoDi8,Mono,80.0
118,Gambero,Nessuna,SalviaRosmarino,8-15,Doppia,70.0
118,Calamaro,Gratinato,PrezzemoloBasilico,PiùDi15,Famiglia,90.0
118,Salmone,Panko,PrezzemoloBasilico,PiùDi15,Doppia,60.0
118,Salmone,Gratinato,Nessuna,8-15,Doppia,70.0
118,Gambero,Nessuna,Nessuna,MenoDi8,Famiglia,80.0
118,Calamaro,Gratinato,Nessuna,MenoDi8,Doppia,80.0
118,Gambero,Gratinato,PrezzemoloBasilico,8-15,Mono,70.0
118,Salmone,Nessuna,Nessuna,PiùDi15,Mono,70.0
118,Calamaro,Nessuna,SalviaRosmarino,PiùDi15,Doppia,60.0
118,Calamaro,Panko,SalviaRosmarino,MenoDi8,Mono,80.0
118,Gambero,Panko,PrezzemoloBasilico,MenoDi8,Doppia,70.0
118,Gambero,Panko,Nessuna,PiùDi15,Famiglia,70.0
119,Gambero,Nessuna,SalviaRosmarino,8-15,Doppia,0.0
119,Calamaro,Gratinato,PrezzemoloBasilico,PiùDi15,Famiglia,0.0
119,Calamaro,Nessuna,SalviaRosmarino,PiùDi15,Doppia,0.0
119,Salmone,Gratinato,Nessuna,8-15,Doppia,0.0
119,Calamaro,Nessuna,PrezzemoloBasilico,8-15,Famiglia,0.0
119,Gambero,Panko,PrezzemoloBasilico,MenoDi8,Doppia,0.0
119,Gambero,Gratinato,PrezzemoloBasilico,8-15,Mono,0.0
119,Salmone,Gratinato,SalviaRosmarino,MenoDi8,Famiglia,0.0
119,Calamaro,Panko,Nessuna,8-15,Mono,0.0
119,Gambero,Nessuna,Nessuna,MenoDi8,Famiglia,80.0
119,Calamaro,Gratinato,Nessuna,MenoDi8,Doppia,0.0
119,Salmone,Panko,SalviaRosmarino,8-15,Famiglia,0.0
119,Salmone,Nessuna,PrezzemoloBasilico,MenoDi8,Mono,0.0
119,Salmone,Nessuna,Nessuna,PiùDi15,Mono,0.0
119,Gambero,Gratinato,SalviaRosmarino,PiùDi15,Mono,0.0
119,Gambero,Panko,Nessuna,PiùDi15,Famiglia,0.0
119,Salmone,Panko,PrezzemoloBasilico,PiùDi15,Doppia,0.0
119,Calamaro,Panko,SalviaRosmarino,MenoDi8,Mono,0.0
120,Calamaro,Panko,Nessuna,8-15,Mono,0.0
120,Calamaro,Gratinato,PrezzemoloBasilico,PiùDi15,Famiglia,80.0
120,Salmone,Nessuna,Nessuna,PiùDi15,Mono,0.0
120,Gambero,Nessuna,Nessuna,MenoDi8,Famiglia,70.0
120,Salmone,Gratinato,Nessuna,8-15,Doppia,0.0
120,Gambero,Gratinato,SalviaRosmarino,PiùDi15,Mono,0.0
120,Gambero,Panko,PrezzemoloBasilico,MenoDi8,Doppia,90.0
120,Calamaro,Panko,SalviaRosmarino,MenoDi8,Mono,0.0
120,Salmone,Gratinato,SalviaRosmarino,MenoDi8,Famiglia,0.0
120,Gambero,Gratinato,PrezzemoloBasilico,8-15,Mono,0.0
120,Calamaro,Nessuna,SalviaRosmarino,PiùDi15,Doppia,80.0
120,Gambero,Panko,Nessuna,PiùDi15,Famiglia,80.0
120,Salmone,Nessuna,PrezzemoloBasilico,MenoDi8,Mono,0.0
120,Gambero,Nessuna,SalviaRosmarino,8-15,Doppia,0.0
120,Calamaro,Nessuna,PrezzemoloBasilico,8-15,Famiglia,80.0
120,Salmone,Panko,SalviaRosmarino,8-15,Famiglia,80.0
120,Salmone,Panko,PrezzemoloBasilico,PiùDi15,Doppia,0.0
120,Calamaro,Gratinato,Nessuna,MenoDi8,Doppia,80.0
121,Gambero,Gratinato,PrezzemoloBasilico,8-15,Mono,0.0
121,Salmone,Nessuna,Nessuna,PiùDi15,Mono,0.0
121,Gambero,Nessuna,SalviaRosmarino,8-15,Doppia,0.0
121,Salmone,Gratinato,SalviaRosmarino,MenoDi8,Famiglia,0.0
121,Calamaro,Panko,Nessuna,8-15,Mono,0.0
121,Salmone,Nessuna,PrezzemoloBasilico,MenoDi8,Mono,0.0
121,Calamaro,Panko,SalviaRosmarino,MenoDi8,Mono,0.0
121,Calamaro,Gratinato,Nessuna,MenoDi8,Doppia,100.0
121,Salmone,Panko,PrezzemoloBasilico,PiùDi15,Doppia,0.0
121,Calamaro,Gratinato,PrezzemoloBasilico,PiùDi15,Famiglia,0.0
121,Salmone,Panko,SalviaRosmarino,8-15,Famiglia,0.0
121,Calamaro,Nessuna,PrezzemoloBasilico,8-15,Famiglia,80.0
121,Calamaro,Nessuna,SalviaRosmarino,PiùDi15,Doppia,0.0
121,Salmone,Gratinato,Nessuna,8-15,Doppia,100.0
121,Gambero,Panko,Nessuna,PiùDi15,Famiglia,100.0
121,Gambero,Panko,PrezzemoloBasilico,MenoDi8,Doppia,0.0
121,Gambero,Nessuna,Nessuna,MenoDi8,Famiglia,100.0
121,Gambero,Gratinato,SalviaRosmarino,PiùDi15,Mono,0.0
122,Salmone,Panko,SalviaRosmarino,8-15,Famiglia,70.0
122,Salmone,Gratinato,Nessuna,8-15,Doppia,100.0
122,Gambero,Nessuna,Nessuna,MenoDi8,Famiglia,30.0
122,Gambero,Nessuna,SalviaRosmarino,8-15,Doppia,70.0
122,Salmone,Nessuna,PrezzemoloBasilico,MenoDi8,Mono,90.0
122,Salmone,Nessuna,Nessuna,PiùDi15,Mono,90.0
122,Calamaro,Nessuna,PrezzemoloBasilico,8-15,Famiglia,0.0
122,Calamaro,Nessuna,SalviaRosmarino,PiùDi15,Doppia,0.0
122,Calamaro,Gratinato,Nessuna,MenoDi8,Doppia,0.0
122,Gambero,Panko,PrezzemoloBasilico,MenoDi8,Doppia,50.0
122,Salmone,Panko,PrezzemoloBasilico,PiùDi15,Doppia,80.0
122,Calamaro,Panko,SalviaRosmarino,MenoDi8,Mono,0.0
122,Calamaro,Panko,Nessuna,8-15,Mono,0.0
122,Gambero,Gratinato,PrezzemoloBasilico,8-15,Mono,80.0
122,Gambero,Gratinato,SalviaRosmarino,PiùDi15,Mono,80.0
122,Salmone,Gratinato,SalviaRosmarino,MenoDi8,Famiglia,60.0
122,Gambero,Panko,Nessuna,PiùDi15,Famiglia,80.0
122,Calamaro,Gratinato,PrezzemoloBasilico,PiùDi15,Famiglia,0.0
